data_file,sorter_name,accuracy,recall,precision,false_discovery_rate,miss_rate
Rec_open-field_xx_xx_-210629_VGlut2-ChR2-1_-210629-085256,tridesclous,0.978843406,0.998982715,0.979820069,0.020179931,0.001017285
Rec_open-field_xx_xx_-210629_VGlut2-ChR2-1_-210629-085256,mountainsort5,0.971486929,0.999957613,0.971526937,0.028473063,4.24E-05
Rec_treadmill_6OHDA_xxx_-230413_VGlut2-ChR2-124_-230413-081015,mountainsort5,0.925066768,0.99925816,0.925702505,0.074297495,0.00074184
Rec_treadmill_6OHDA_xxx_-230515_VGlut2-ChR2-2_-230515-083823,mountainsort5,0.497594841,0.499850761,0.497742736,0.002257264,0.000149239
Rec_treadmill_6OHDA_xx_-220607_VGlut2-ChR2-72_-220607-085802,tridesclous,0.968154423,0.972272207,0.995644526,0.004355474,0.027727793
Rec_treadmill_6OHDA_xx_-220607_VGlut2-ChR2-72_-220607-085802,mountainsort5,0.895639392,0.897104531,0.998179833,0.001820167,0.102895469
Rec_treadmill_6OHDA_xx_-220615_VGlut2-ChR2-74_-220615-131834,tridesclous,0.4653397,0.55082338,0.643634508,0.356365492,0.44917662
Rec_treadmill_6OHDA_xx_-220615_VGlut2-ChR2-74_-220615-131834,mountainsort5,0.437487256,0.557205126,0.605441256,0.394558744,0.442794874
Rec_treadmill_6OHDA_xx_-220621_VGlut2-ChR2-64_-220621-095343,tridesclous,0,0,0,0,0
Rec_treadmill_6OHDA_xx_-220621_VGlut2-ChR2-64_-220621-095343,mountainsort5,0.09937328,0.152597459,0.229481026,0.437185641,0.514069208
Rec_treadmill_6OHDA_xx_-220629_VGlut2-ChR2-78_-220629-074457,tridesclous,0.104873717,0.165758944,0.206164174,0.460502493,0.500907723
Rec_treadmill_6OHDA_xx_-220629_VGlut2-ChR2-78_-220629-074457,mountainsort5,0.109350482,0.13320546,0.332015159,0.334651508,0.533461206
Rec_treadmill_6OHDA_xx_-220926_VGlut2-ChR2-86_-220926-070923,tridesclous,0,0,0,0,0
Rec_treadmill_6OHDA_xx_-220926_VGlut2-ChR2-86_-220926-070923,mountainsort5,0.038799076,0.03892493,0.324324324,0.009009009,0.294408403
Rec_treadmill_6OHDA_xx_-220926_VGlut2-ChR2-89_-220926-100021,tridesclous,0.259222427,0.282467669,0.412674176,0.087325824,0.217532331
Rec_treadmill_6OHDA_xx_-220926_VGlut2-ChR2-89_-220926-100021,mountainsort5,0.165318318,0.181101272,0.34675128,0.15324872,0.318898728
Rec_treadmill_6OHDA_xx_-221004_VGlut2-ChR2-88_-221004-113241,tridesclous,0,0,0,0,0
Rec_treadmill_6OHDA_xx_-221004_VGlut2-ChR2-88_-221004-113241,mountainsort5,0.162243726,0.162243726,1,0,0.837756274
Rec_treadmill_6OHDA_xx_-221128_VGlut2-ChR2-100_-221128-090746,tridesclous,0.366940785,0.538747592,0.478720303,0.187946364,0.127919074
Rec_treadmill_6OHDA_xx_-221128_VGlut2-ChR2-100_-221128-090746,mountainsort5,0,0,0,0,0
Rec_treadmill_6OHDA_xx_-221128_VGlut2-ChR2-99_-221128-075955,tridesclous,0.76279708,0.810460093,0.940103263,0.059896737,0.189539907
Rec_treadmill_6OHDA_xx_-221128_VGlut2-ChR2-99_-221128-075955,mountainsort5,0.506253682,0.784385782,0.678479969,0.321520031,0.215614218
Rec_treadmill_6OHDA_xx_-221205_VGlut2-ChR2-102_-221205-091855,tridesclous,0,0,0,0,0
Rec_treadmill_6OHDA_xx_-221205_VGlut2-ChR2-102_-221205-091855,mountainsort5,0,0,0,0,0
Rec_treadmill_haloperidol_xx_-211026_VGlut2-ChR2-29_-211026-130950,tridesclous,0.86430613,0.864330114,0.999967895,3.21E-05,0.135669886
Rec_treadmill_haloperidol_xx_-211026_VGlut2-ChR2-29_-211026-130950,mountainsort5,0.949868867,0.964840715,0.983926196,0.016073804,0.035159285
Rec_treadmill_haloperidol_xx_-211027_VGlut2-ChR2-31_-211027-082103,tridesclous,0.220125949,0.713196326,0.254593285,0.745406715,0.286803674
Rec_treadmill_haloperidol_xx_-211027_VGlut2-ChR2-31_-211027-082103,mountainsort5,0.09755357,0.49705319,0.097666541,0.402333459,0.00294681
Rec_treadmill_haloperidol_xx_-211027_VGlut2-ChR2-464_-211027-071350,tridesclous,0.126767997,0.180154504,0.299613322,0.700386678,0.819845496
Rec_treadmill_haloperidol_xx_-211027_VGlut2-ChR2-464_-211027-071350,mountainsort5,0.213492091,0.462611565,0.283899475,0.716100525,0.537388435
Rec_treadmill_haloperidol_xx_-220210_VGlut2-ChR2-49_-220210-090133,tridesclous,0.580356898,0.780029463,0.731450443,0.268549557,0.219970537
Rec_treadmill_haloperidol_xx_-220210_VGlut2-ChR2-49_-220210-090133,mountainsort5,0,0,0,0,0
Rec_treadmill_haloperidol_xx_-220225_Vglut2-ChR2-42_-220225-073112,tridesclous,0.272207979,0.283015339,0.318442515,0.014890818,0.050317995
Rec_treadmill_haloperidol_xx_-220225_Vglut2-ChR2-42_-220225-073112,mountainsort5,0.346643375,0.706770635,0.428227879,0.571772121,0.293229365
Rec_treadmill_haloperidol_xx_-220225_Vglut2-ChR2-51_-220225-133939,tridesclous,0.161067868,0.17802729,0.40375836,0.09624164,0.32197271
Rec_treadmill_haloperidol_xx_-220225_Vglut2-ChR2-51_-220225-133939,mountainsort5,0.058169125,0.152129722,0.171405109,0.328594891,0.347870278
Rec_treadmill_haloperidol_xx_-220225_Vglut2-ChR2-57_-220225-082957,tridesclous,0.377493887,0.758951873,0.42214642,0.57785358,0.241048127
Rec_treadmill_haloperidol_xx_-220225_Vglut2-ChR2-57_-220225-082957,mountainsort5,0.397713806,0.691250318,0.483160602,0.516839398,0.308749682
Rec_treadmill_haloperidol_xx_-220317_Vglut2-ChR2-36_-220317-080745,tridesclous,0.212317682,0.386021706,0.419038369,0.580961631,0.613978294
Rec_treadmill_haloperidol_xx_-220317_Vglut2-ChR2-36_-220317-080745,mountainsort5,0.175967279,0.652506271,0.336517986,0.663482014,0.347493729
Rec_treadmill_haloperidol_xx_-220902_VGlut2-ChR2-88_-220902-090917,tridesclous,0.388513437,0.629580028,0.476976665,0.323023335,0.170419972
Rec_treadmill_haloperidol_xx_-220902_VGlut2-ChR2-88_-220902-090917,mountainsort5,0.379504414,0.506424043,0.557224064,0.242775936,0.293575957
Rec_treadmill_haloperidol_xx_-230214_VGlut2-ChR2-111_-230214-132341,tridesclous,0.190032422,0.24925968,0.235273102,0.098060232,0.084073654
Rec_treadmill_haloperidol_xx_-230214_VGlut2-ChR2-111_-230214-132341,mountainsort5,0.223200899,0.531065795,0.400150732,0.599849268,0.468934205
Rec_treadmill_haloperidol_xx_-230214_VGlut2-ChR2-118_-230214-091639,mountainsort5,0.501691796,0.610725744,0.637488835,0.362511165,0.389274256
Rec_treadmill_haloperidol_xx_-230411_VGlut2-ChR2-12_-230411-105353,tridesclous,0.605201213,0.975348709,0.613100461,0.386899539,0.024651291
Rec_treadmill_haloperidol_xx_-230411_VGlut2-ChR2-12_-230411-105353,mountainsort5,0.589925449,0.877934292,0.600636612,0.399363388,0.122065708
Rec_treadmill_haloperidol_xx_-230411_VGlut2-ChR2-4_-230411-091515,tridesclous,0.202061493,0.202061493,1,0,0.797938507
Rec_treadmill_haloperidol_xx_-230411_VGlut2-ChR2-4_-230411-091515,mountainsort5,0.140783915,0.140783915,1,0,0.859216085
Rec_treadmill_haloperidol_xx_-230411_VGlut2-ChR2-4_-230411-093826,tridesclous,0,0,0,0,0
Rec_treadmill_haloperidol_xx_-230411_VGlut2-ChR2-4_-230411-093826,mountainsort5,0,0,0,0,0
Rec_treadmill_haloperidol_xx_-230517_VGlut2-ChR2-121_-230517-134621,tridesclous,0.756266445,0.896421536,0.828679818,0.171320182,0.103578464
Rec_treadmill_haloperidol_xx_-230517_VGlut2-ChR2-121_-230517-134621,mountainsort5,0.570118662,0.694024951,0.761527378,0.238472622,0.305975049
Rec_treadmill_haloperidol_xx_-230517_VGlut2-ChR2-12_-230517-080130,tridesclous,0.724318578,0.724318578,1,0,0.275681422
Rec_treadmill_haloperidol_xx_-230517_VGlut2-ChR2-12_-230517-080130,mountainsort5,0,0,0,0,0
Rec_treadmill_haloperidol_xx_-230517_VGlut2-ChR2-8_-230517-085158,tridesclous,0.688528699,0.705263158,0.966686217,0.033313783,0.294736842
Rec_treadmill_haloperidol_xx_-230517_VGlut2-ChR2-8_-230517-085158,mountainsort5,0.398011232,0.661103979,0.500032365,0.499967635,0.338896021
Rec_treadmill_haloperidol_xx_-231026_VGlut2-ChR2-169_-231026-091339,mountainsort5,0.131969021,0.361105913,0.172168444,0.827831556,0.638894087
Rec_treadmill_haloperidol_xx_-231026_VGlut2-ChR2-171_-231026-062741,tridesclous,0.187537112,0.190046574,0.32568942,0.007643913,0.14328676
Rec_treadmill_haloperidol_xx_-231026_VGlut2-ChR2-171_-231026-062741,mountainsort5,0.056668956,0.121086802,0.080724535,0.252608799,0.212246531
Rec_treadmill_SCH23390_xx_-211027_VGlut2-ChR2-29_-211027-130514,tridesclous,0.985819635,0.988919848,0.996830037,0.003169963,0.011080152
Rec_treadmill_SCH23390_xx_-211027_VGlut2-ChR2-29_-211027-130514,mountainsort5,0.883888447,0.887748285,0.995105023,0.004894977,0.112251715
Rec_treadmill_SCH23390_xx_-211029_VGlut2-ChR2-31_-211029-072512,tridesclous,0,0,0,0,0
Rec_treadmill_SCH23390_xx_-211029_VGlut2-ChR2-31_-211029-072512,mountainsort5,0.825991872,0.835030873,0.984167992,0.015832008,0.164969127
Rec_treadmill_SCH23390_xx_-220211_VGlut2-ChR2-49_-220211-061854,tridesclous,0.416358701,0.708248984,0.427343952,0.322656048,0.041751016
Rec_treadmill_SCH23390_xx_-220211_VGlut2-ChR2-49_-220211-061854,mountainsort5,0.133695078,0.149867007,0.499668537,0.250331463,0.600132993
Rec_treadmill_SCH23390_xx_-220301_Vglut2-ChR2-51_-220301-080341,tridesclous,0.197006652,0.386640557,0.222737528,0.277262472,0.113359443
Rec_treadmill_SCH23390_xx_-220301_Vglut2-ChR2-51_-220301-080341,mountainsort5,0.125562764,0.566141118,0.230765317,0.769234683,0.433858882
Rec_treadmill_SCH23390_xx_-220301_Vglut2-ChR2-57_-220301-065045,tridesclous,0.35855386,0.538033274,0.485923396,0.347409937,0.29530006
Rec_treadmill_SCH23390_xx_-220301_Vglut2-ChR2-57_-220301-065045,mountainsort5,0.35143906,0.432716043,0.561241117,0.272092217,0.40061729
Rec_treadmill_SCH23390_xx_-220318_Vglut2-ChR2-36_-220318-081315,tridesclous,0.176626497,0.416332402,0.330746303,0.419253697,0.333667598
Rec_treadmill_SCH23390_xx_-220318_Vglut2-ChR2-36_-220318-081315,mountainsort5,0.202912545,0.580573217,0.320598864,0.679401136,0.419426783
Rec_treadmill_SCH23390_xx_-220901_VGlut2-ChR2-86_-220901-071057,tridesclous,0.474676178,0.648536969,0.585833656,0.414166344,0.351463031
Rec_treadmill_SCH23390_xx_-220901_VGlut2-ChR2-86_-220901-071057,mountainsort5,0,0,0,0,0
Rec_treadmill_SCH23390_xx_-220901_VGlut2-ChR2-88_-220901-092430,tridesclous,0.246239404,0.367790671,0.436576013,0.363423987,0.432209329
Rec_treadmill_SCH23390_xx_-220901_VGlut2-ChR2-88_-220901-092430,mountainsort5,0.196130181,0.240689054,0.389002992,0.210997008,0.359310946
Rec_treadmill_SCH23390_xx_-230210_VGlut2-ChR2-118_-230210-081358,tridesclous,0.794801642,0.853783982,0.920031671,0.079968329,0.146216018
Rec_treadmill_SCH23390_xx_-230210_VGlut2-ChR2-118_-230210-081358,mountainsort5,0.108253205,0.992652461,0.108340016,0.891659984,0.007347539
Rec_treadmill_SCH23390_xx_-230309_VGlut2-ChR2-5_-230309-063716,tridesclous,0,0,0,0,0
Rec_treadmill_SCH23390_xx_-230309_VGlut2-ChR2-5_-230309-063716,mountainsort5,0,0,0,0,0
Rec_treadmill_SCH23390_xx_-230516_VGlut2-ChR2-121_-230516-101214,tridesclous,0.930540939,0.992145422,0.937446989,0.062553011,0.007854578
Rec_treadmill_SCH23390_xx_-230516_VGlut2-ChR2-121_-230516-101214,mountainsort5,0.991294643,0.996633752,0.99462486,0.00537514,0.003366248
Rec_treadmill_SCH23390_xx_-230516_VGlut2-ChR2-12_-230516-074014,tridesclous,0.913938192,0.918675522,0.994389376,0.005610624,0.081324478
Rec_treadmill_SCH23390_xx_-230516_VGlut2-ChR2-12_-230516-074014,mountainsort5,0.267927784,0.267927784,1,0,0.732072216
Rec_treadmill_SCH23390_xx_-230516_VGlut2-ChR2-8_-230516-090635,tridesclous,0.452117345,0.496102461,0.717798786,0.282201214,0.503897539
Rec_treadmill_SCH23390_xx_-230516_VGlut2-ChR2-8_-230516-090635,mountainsort5,0.257509567,0.358564209,0.540852407,0.459147593,0.641435791
Rec_treadmill_SCH23390_xx_-231024_VGlut2-ChR2-171_-231024-104813,tridesclous,0.491462923,0.693047105,0.56612399,0.43387601,0.306952895
Rec_treadmill_SCH23390_xx_-231024_VGlut2-ChR2-171_-231024-104813,mountainsort5,0.469847053,0.607646485,0.556098007,0.443901993,0.392353515
Rec_treadmill_SCH23390_xx_-231101_VGlut2-ChR2-169_-231101-140059,tridesclous,0.077112744,0.099283534,0.169610496,0.163722837,0.2340498
Rec_treadmill_SCH23390_xx_-231101_VGlut2-ChR2-169_-231101-140059,mountainsort5,0,0,0,0,0
Rec_treadmill_xx_xx_-210705_VGlut2-ChR2-447_-210705-123245,tridesclous,0.52750992,0.978906663,0.535009396,0.464990604,0.021093337
Rec_treadmill_xx_xx_-210705_VGlut2-ChR2-447_-210705-123245,mountainsort5,0.535073699,0.826851389,0.598571621,0.401428379,0.173148611
Rec_treadmill_xx_xx_-210712_VGlut2-ChR2-344_-210712-085246,tridesclous,0.106108365,0.184533478,0.142749943,0.19058339,0.148799856
Rec_treadmill_xx_xx_-210712_VGlut2-ChR2-344_-210712-085246,mountainsort5,0.115044106,0.162109727,0.181039478,0.152293855,0.171223606
Rec_treadmill_xx_xx_-210713_VGlut2-ChR2-343_-210713-085217,tridesclous,0.316896051,0.389182785,0.323567746,0.076432254,0.010817215
Rec_treadmill_xx_xx_-210713_VGlut2-ChR2-343_-210713-085217,mountainsort5,0.34044551,0.373962174,0.362818767,0.037181233,0.026037826
Rec_treadmill_xx_xx_-210917_VGlut2-ChR2-27_-210917-072732,tridesclous,0,0,0,0,0
Rec_treadmill_xx_xx_-210917_VGlut2-ChR2-27_-210917-072732,mountainsort5,0,0,0,0,0
Rec_treadmill_xx_xx_-210917_VGlut2-ChR2-31_-210917-103218,tridesclous,0.996699527,0.999042354,0.997652684,0.002347316,0.000957646
Rec_treadmill_xx_xx_-210917_VGlut2-ChR2-31_-210917-103218,mountainsort5,0.876387776,0.999912941,0.876454653,0.123545347,8.71E-05
Rec_treadmill_xx_xx_-210929_VGlut2-ChR2-21_-210929-080829,tridesclous,0,0,0,0,0
Rec_treadmill_xx_xx_-210929_VGlut2-ChR2-21_-210929-080829,mountainsort5,0,0,0,0,0
Rec_treadmill_xx_xx_-210929_VGlut2-ChR2-33_-210929-113128,tridesclous,0,0,0,0,0
Rec_treadmill_xx_xx_-210929_VGlut2-ChR2-33_-210929-113128,mountainsort5,0,0,0,0,0
Rec_treadmill_xx_xx_-210929_VGlut2-ChR2-464_-210929-125730,tridesclous,0,0,0,0,0
Rec_treadmill_xx_xx_-210929_VGlut2-ChR2-464_-210929-125730,mountainsort5,0,0,0,0,0
Rec_treadmill_xx_xx_-210930_VGlut2-ChR2-45_-210930-064711,mountainsort5,0.344558268,0.501169462,0.385048923,0.281617744,0.165497205
Rec_treadmill_xx_xx_-211005_VGlut2-ChR2-19_-211005-065047,tridesclous,0.46663133,0.528965576,0.552442018,0.114224649,0.137701091
Rec_treadmill_xx_xx_-211005_VGlut2-ChR2-19_-211005-065047,mountainsort5,0.258713834,0.503340047,0.279960638,0.386706029,0.16332662
Rec_treadmill_xx_xx_-211005_VGlut2-ChR2-23_-211005-112801,tridesclous,0.608565511,0.689232108,0.772994212,0.227005788,0.310767892
Rec_treadmill_xx_xx_-211005_VGlut2-ChR2-23_-211005-112801,mountainsort5,0.073253493,0.075506886,0.293478822,0.039854512,0.257826448
Rec_treadmill_xx_xx_-211026_VGlut2-ChR2-29_-211026-095336,tridesclous,0.951778472,0.955370394,0.996065342,0.003934658,0.044629606
Rec_treadmill_xx_xx_-211026_VGlut2-ChR2-29_-211026-095336,mountainsort5,0.557259885,0.565364881,0.974919567,0.025080433,0.434635119
Rec_treadmill_xx_xx_-211026_VGlut2-ChR2-31_-211026-140946,tridesclous,0.732351738,0.794550941,0.903430878,0.096569122,0.205449059
Rec_treadmill_xx_xx_-211026_VGlut2-ChR2-31_-211026-140946,mountainsort5,0.456852354,0.941072062,0.470306471,0.529693529,0.058927938
Rec_treadmill_xx_xx_-220209_VGlut2-ChR2-36_-220209-074005,tridesclous,0.384167321,0.494014735,0.661255691,0.338744309,0.505985265
Rec_treadmill_xx_xx_-220209_VGlut2-ChR2-36_-220209-074005,mountainsort5,0,0,0,0,0
Rec_treadmill_xx_xx_-220209_VGlut2-ChR2-49_-220209-095438,tridesclous,0.421702185,0.642117185,0.564841037,0.435158963,0.357882815
Rec_treadmill_xx_xx_-220209_VGlut2-ChR2-49_-220209-095438,mountainsort5,0.063249339,0.063498564,0.477739099,0.022260901,0.436501436
Rec_treadmill_xx_xx_-220224_Vglut2-ChR2-42_-220224-151343,tridesclous,0.539051743,0.764873773,0.559616616,0.440383384,0.235126227
Rec_treadmill_xx_xx_-220224_Vglut2-ChR2-42_-220224-151343,mountainsort5,0.215132024,0.651342676,0.216701546,0.449965121,0.015323991
Rec_treadmill_xx_xx_-220224_Vglut2-ChR2-57_-220224-160343,mountainsort5,0.429395847,0.844123243,0.498789635,0.501210365,0.155876757
Rec_treadmill_xx_xx_-220225_Vglut2-ChR2-51_-220225-094522,mountainsort5,0,0,0,0,0
Rec_treadmill_xx_xx_-220316_Vglut2-ChR2-36_-220316-102002,tridesclous,0.236981393,0.273393578,0.419245282,0.247421384,0.393273088
Rec_treadmill_xx_xx_-220316_Vglut2-ChR2-36_-220316-102002,mountainsort5,0.105620207,0.24499774,0.119243306,0.214090027,0.088335593
Rec_treadmill_xx_xx_-220510_VGlut2-ChR2-77_-220510-084917,tridesclous,0.923610198,0.983213134,0.938408179,0.061591821,0.016786866
Rec_treadmill_xx_xx_-220510_VGlut2-ChR2-77_-220510-084917,mountainsort5,0.860762512,0.929795288,0.920594089,0.079405911,0.070204712
Rec_treadmill_xx_xx_-220512_VGlut2-ChR2-74_-220512-065053,tridesclous,0,0,0,0,0
Rec_treadmill_xx_xx_-220512_VGlut2-ChR2-74_-220512-065053,mountainsort5,0.395289976,0.39789449,0.983710407,0.016289593,0.60210551
Rec_treadmill_xx_xx_-220516_VGlut2-ChR2-72_-220516-105258,tridesclous,0.250121356,0.302996666,0.394415358,0.272251309,0.363670001
Rec_treadmill_xx_xx_-220516_VGlut2-ChR2-72_-220516-105258,mountainsort5,0.086597905,0.088663031,0.305907173,0.02742616,0.244670302
Rec_treadmill_xx_xx_-220531_VGlut2-ChR2-64_-220531-091819,tridesclous,0,0,0,0,0
Rec_treadmill_xx_xx_-220531_VGlut2-ChR2-64_-220531-091819,mountainsort5,0,0,0,0,0
Rec_treadmill_xx_xx_-220531_VGlut2-ChR2-78_-220531-074927,tridesclous,0.4460486,0.832183304,0.482955606,0.517044394,0.167816696
Rec_treadmill_xx_xx_-220531_VGlut2-ChR2-78_-220531-074927,mountainsort5,0.381480587,0.423990307,0.639046358,0.360953642,0.576009693
Rec_treadmill_xx_xx_-220819_VGlut2-ChR2-87_-220819-071423,tridesclous,0.996569001,0.996867595,0.999699527,0.000300473,0.003132405
Rec_treadmill_xx_xx_-220819_VGlut2-ChR2-87_-220819-071423,mountainsort5,0.994937398,0.995669109,0.999261912,0.000738088,0.004330891
Rec_treadmill_xx_xx_-220824_VGlut2-ChR2-92_-220824-075441,tridesclous,0.33413176,0.663145918,0.44368258,0.55631742,0.336854082
Rec_treadmill_xx_xx_-220824_VGlut2-ChR2-92_-220824-075441,mountainsort5,0.250225947,0.358742873,0.345134359,0.154865641,0.141257127
Rec_treadmill_xx_xx_-220831_VGlut2-ChR2-86_-220831-072406,tridesclous,0.103114556,0.341462152,0.137548036,0.529118631,0.325204515
Rec_treadmill_xx_xx_-220831_VGlut2-ChR2-86_-220831-072406,mountainsort5,0.194263788,0.23676894,0.405715506,0.260951161,0.429897726
Rec_treadmill_xx_xx_-220831_VGlut2-ChR2-88_-220831-090128,tridesclous,0.567319232,0.623297464,0.609719258,0.056947409,0.043369203
Rec_treadmill_xx_xx_-220831_VGlut2-ChR2-88_-220831-090128,mountainsort5,0.553217978,0.608511275,0.610206548,0.056460119,0.058155392
Rec_treadmill_xx_xx_-220831_VGlut2-ChR2-89_-220831-100854,tridesclous,0,0,0,0,0
Rec_treadmill_xx_xx_-220831_VGlut2-ChR2-89_-220831-100854,mountainsort5,0,0,0,0,0
Rec_treadmill_xx_xx_-220905_VGlut2-ChR2-88_-220905-081424,mountainsort5,0.561423962,0.658416269,0.695534782,0.304465218,0.341583731
Rec_treadmill_xx_xx_-221101_VGlut2-ChR2-100_-221101-082854,tridesclous,0,0,0,0,0
Rec_treadmill_xx_xx_-221101_VGlut2-ChR2-100_-221101-082854,mountainsort5,0,0,0,0,0
Rec_treadmill_xx_xx_-221101_VGlut2-ChR2-102_-221101-075646,tridesclous,0.471326255,0.665093091,0.647747654,0.352252346,0.334906909
Rec_treadmill_xx_xx_-221101_VGlut2-ChR2-102_-221101-075646,mountainsort5,0.180478215,0.19422571,0.758825646,0.241174354,0.80577429
Rec_treadmill_xx_xx_-221101_VGlut2-ChR2-99_-221101-131057,tridesclous,0.215298526,0.23033785,0.24708261,0.15291739,0.16966215
Rec_treadmill_xx_xx_-221101_VGlut2-ChR2-99_-221101-131057,mountainsort5,0.179142434,0.179142434,0.2,0,0.020857566
Rec_treadmill_xx_xx_-230209_VGlut2-ChR2-113_-230209-072205,tridesclous,0.878290745,0.933815885,0.936077832,0.063922168,0.066184115
Rec_treadmill_xx_xx_-230209_VGlut2-ChR2-113_-230209-072205,mountainsort5,0.612297663,0.775350353,0.645464541,0.354535459,0.224649647
Rec_treadmill_xx_xx_-230209_VGlut2-ChR2-118_-230209-081406,tridesclous,0,0,0,0,0
Rec_treadmill_xx_xx_-230209_VGlut2-ChR2-118_-230209-081406,mountainsort5,0.215530873,0.42750257,0.307407033,0.359259634,0.239164097
Rec_treadmill_xx_xx_-230301_VGlut2-ChR2-124_-230301-134853,tridesclous,0.155464536,0.446498374,0.192578587,0.807421413,0.553501626
Rec_treadmill_xx_xx_-230301_VGlut2-ChR2-124_-230301-134853,mountainsort5,0.229660001,0.300807365,0.4926409,0.5073591,0.699192635
Rec_treadmill_xx_xx_-230302_VGlut2-ChR2-109_-230302-092537,tridesclous,0.838162114,0.861918977,0.968162223,0.031837777,0.138081023
Rec_treadmill_xx_xx_-230302_VGlut2-ChR2-109_-230302-092537,mountainsort5,0.806528104,0.947633262,0.84415124,0.15584876,0.052366738
Rec_treadmill_xx_xx_-230307_VGlut2-ChR2-105_-230307-134929,tridesclous,0.356179276,0.396526388,0.725995891,0.274004109,0.603473612
Rec_treadmill_xx_xx_-230307_VGlut2-ChR2-105_-230307-134929,mountainsort5,0.188619724,0.206517295,0.550439227,0.11622744,0.460149372
Rec_treadmill_xx_xx_-230316_VGlut2-ChR2-5_-230316-062858,tridesclous,0.299925442,0.330364193,0.302370627,0.030962706,0.00296914
Rec_treadmill_xx_xx_-230316_VGlut2-ChR2-5_-230316-062858,mountainsort5,0.399811947,0.479912371,0.545979493,0.120687173,0.186754295
Rec_treadmill_xx_xx_-230329_VGlut2-ChR2-12_-230329-142846,tridesclous,0,0,0,0,0
Rec_treadmill_xx_xx_-230329_VGlut2-ChR2-12_-230329-142846,mountainsort5,0.305074818,0.604899166,0.380993549,0.619006451,0.395100834
Rec_treadmill_xx_xx_-230329_VGlut2-ChR2-2_-230329-095457,tridesclous,0.983925119,0.985660319,0.998213989,0.001786011,0.014339681
Rec_treadmill_xx_xx_-230329_VGlut2-ChR2-2_-230329-095457,mountainsort5,0.677270449,0.677270449,1,0,0.322729551
Rec_treadmill_xx_xx_-230329_VGlut2-ChR2-6_-230329-090153,tridesclous,0.388245967,0.44407571,0.755353488,0.244646512,0.55592429
Rec_treadmill_xx_xx_-230329_VGlut2-ChR2-6_-230329-090153,mountainsort5,0.406796708,0.797778733,0.439936313,0.560063687,0.202221267
Rec_treadmill_xx_xx_-230330_VGlut2-ChR2-8_-230330-060307,mountainsort5,0.090404526,0.112745424,0.23855795,0.26144205,0.387254576
Rec_treadmill_xx_xx_-230515_VGlut2-ChR2-121_-230515-112633,tridesclous,0.664344522,0.814282942,0.7829819,0.2170181,0.185717058
Rec_treadmill_xx_xx_-230515_VGlut2-ChR2-121_-230515-112633,mountainsort5,0.600888617,0.761110033,0.740558912,0.259441088,0.238889967
Rec_treadmill_xx_xx_-230515_VGlut2-ChR2-8_-230515-100310,tridesclous,0.393464626,0.429499987,0.824242114,0.175757886,0.570500013
Rec_treadmill_xx_xx_-230515_VGlut2-ChR2-8_-230515-100310,mountainsort5,0,0,0,0,0
Rec_treadmill_xx_xx_-231019_VGlut2-ChR2-169_-231019-082406,mountainsort5,0.561542525,1,0.561542525,0.438457475,0
Rec_treadmill_xx_xx_-231019_VGlut2-ChR2-171_-231019-090324,tridesclous,0.245915162,0.275808918,0.309336278,0.190663722,0.224191082
Rec_treadmill_xx_xx_-231019_VGlut2-ChR2-171_-231019-090324,mountainsort5,0.2529964,0.34795804,0.354411603,0.395588397,0.40204196
Rec_treadmill_xx_xx_-231024_VGlut2-ChR2-171_-231024-095047,tridesclous,0.554378614,0.757070034,0.626333596,0.373666404,0.242929966
Rec_treadmill_xx_xx_-231024_VGlut2-ChR2-171_-231024-095047,mountainsort5,0.271655128,0.890952793,0.277852429,0.722147571,0.109047207
Rec_open-field_xx_xx_-210629_VGlut2-ChR2-1_-210629-085256,dpgmm,0.905816329,0.905816329,1,0,0.094183671
Rec_treadmill_6OHDA_xxx_-230413_VGlut2-ChR2-124_-230413-081015,dpgmm,0.856247939,0.856247939,1,0,0.143752061
Rec_treadmill_6OHDA_xxx_-230515_VGlut2-ChR2-2_-230515-083823,dpgmm,0.425838458,0.682280536,0.699013671,0.300986329,0.317719464
Rec_treadmill_6OHDA_xx_-220607_VGlut2-ChR2-72_-220607-085802,dpgmm,0.945454545,0.948470473,0.996648045,0.003351955,0.051529527
Rec_treadmill_6OHDA_xx_-220615_VGlut2-ChR2-74_-220615-131834,dpgmm,0.714929893,0.73957099,0.957502809,0.042497191,0.26042901
Rec_treadmill_6OHDA_xx_-220621_VGlut2-ChR2-64_-220621-095343,dpgmm,0.359291886,0.666560113,0.531002012,0.468997988,0.333439887
Rec_treadmill_6OHDA_xx_-220629_VGlut2-ChR2-78_-220629-074457,dpgmm,0.574454167,0.628549684,0.83527365,0.16472635,0.371450316
Rec_treadmill_6OHDA_xx_-220926_VGlut2-ChR2-86_-220926-070923,dpgmm,0.304154354,0.457559024,0.384084215,0.282582452,0.209107643
Rec_treadmill_6OHDA_xx_-220926_VGlut2-ChR2-89_-220926-100021,dpgmm,0.460337909,0.627480338,0.534818408,0.215181592,0.122519662
Rec_treadmill_6OHDA_xx_-221004_VGlut2-ChR2-88_-221004-113241,dpgmm,0.102778389,0.102778389,1,0,0.897221611
Rec_treadmill_6OHDA_xx_-221128_VGlut2-ChR2-100_-221128-090746,dpgmm,0.133689181,0.134157396,0.330457729,0.002875605,0.199175937
Rec_treadmill_6OHDA_xx_-221128_VGlut2-ChR2-99_-221128-075955,dpgmm,0.752966917,0.787364867,0.960183904,0.039816096,0.212635133
Rec_treadmill_6OHDA_xx_-221205_VGlut2-ChR2-102_-221205-091855,dpgmm,0.476699221,0.490916409,0.942727282,0.057272718,0.509083591
Rec_treadmill_haloperidol_xx_-211026_VGlut2-ChR2-29_-211026-130950,dpgmm,0.924353424,0.924353424,1,0,0.075646576
Rec_treadmill_haloperidol_xx_-211027_VGlut2-ChR2-31_-211027-082103,dpgmm,0.485537076,0.570070189,0.572308353,0.427691647,0.429929811
Rec_treadmill_haloperidol_xx_-211027_VGlut2-ChR2-464_-211027-071350,dpgmm,0.359283867,0.531313283,0.525987526,0.474012474,0.468686717
Rec_treadmill_haloperidol_xx_-220210_VGlut2-ChR2-49_-220210-090133,dpgmm,0.655248726,0.695920732,0.911604612,0.088395388,0.304079268
Rec_treadmill_haloperidol_xx_-220225_Vglut2-ChR2-42_-220225-073112,dpgmm,0.502364202,0.510215517,0.652703093,0.013963574,0.15645115
Rec_treadmill_haloperidol_xx_-220225_Vglut2-ChR2-51_-220225-133939,dpgmm,0.358223972,0.658778509,0.577953402,0.422046598,0.341221491
Rec_treadmill_haloperidol_xx_-220225_Vglut2-ChR2-57_-220225-082957,dpgmm,0.462915247,0.555276403,0.729779335,0.270220665,0.444723597
Rec_treadmill_haloperidol_xx_-220317_Vglut2-ChR2-36_-220317-080745,dpgmm,0.568899529,0.688607642,0.786192944,0.213807056,0.311392358
Rec_treadmill_haloperidol_xx_-220902_VGlut2-ChR2-88_-220902-090917,dpgmm,0.559642552,0.561376367,0.797250359,0.002749641,0.238623633
Rec_treadmill_haloperidol_xx_-230214_VGlut2-ChR2-111_-230214-132341,dpgmm,0.46781848,0.902629668,0.518025618,0.481974382,0.097370332
Rec_treadmill_haloperidol_xx_-230214_VGlut2-ChR2-118_-230214-091639,dpgmm,0.606599265,0.823938558,0.703592564,0.296407436,0.176061442
Rec_treadmill_haloperidol_xx_-230411_VGlut2-ChR2-12_-230411-105353,dpgmm,0.595994447,0.700497551,0.735337577,0.264662423,0.299502449
Rec_treadmill_haloperidol_xx_-230411_VGlut2-ChR2-4_-230411-091515,dpgmm,0.168361759,0.168361759,1,0,0.831638241
Rec_treadmill_haloperidol_xx_-230411_VGlut2-ChR2-4_-230411-093826,dpgmm,0.309738168,0.923190547,0.317931327,0.682068673,0.076809453
Rec_treadmill_haloperidol_xx_-230517_VGlut2-ChR2-121_-230517-134621,dpgmm,0.833088595,0.838148391,0.992805755,0.007194245,0.161851609
Rec_treadmill_haloperidol_xx_-230517_VGlut2-ChR2-12_-230517-080130,dpgmm,0.567582019,0.567582019,1,0,0.432417981
Rec_treadmill_haloperidol_xx_-230517_VGlut2-ChR2-8_-230517-085158,dpgmm,0.746760996,0.749764656,0.994663942,0.005336058,0.250235344
Rec_treadmill_haloperidol_xx_-231026_VGlut2-ChR2-169_-231026-091339,dpgmm,0.124544533,0.31020771,0.172247188,0.827752812,0.68979229
Rec_treadmill_haloperidol_xx_-231026_VGlut2-ChR2-171_-231026-062741,dpgmm,0.261049802,0.417640516,0.511312891,0.488687109,0.582359484
Rec_treadmill_SCH23390_xx_-211027_VGlut2-ChR2-29_-211027-130514,dpgmm,0.921313719,0.921493865,0.999787855,0.000212145,0.078506135
Rec_treadmill_SCH23390_xx_-211029_VGlut2-ChR2-31_-211029-072512,dpgmm,0.505728049,0.873848868,0.599159086,0.400840914,0.126151132
Rec_treadmill_SCH23390_xx_-220211_VGlut2-ChR2-49_-220211-061854,dpgmm,0.528193956,0.681456059,0.762203928,0.237796072,0.318543941
Rec_treadmill_SCH23390_xx_-220301_Vglut2-ChR2-51_-220301-080341,dpgmm,0.462432287,0.543071704,0.782796873,0.217203127,0.456928296
Rec_treadmill_SCH23390_xx_-220301_Vglut2-ChR2-57_-220301-065045,dpgmm,0.403370558,0.432493735,0.725631852,0.107701482,0.400839598
Rec_treadmill_SCH23390_xx_-220318_Vglut2-ChR2-36_-220318-081315,dpgmm,0.457543025,0.652371287,0.618701854,0.381298146,0.347628713
Rec_treadmill_SCH23390_xx_-220901_VGlut2-ChR2-86_-220901-071057,dpgmm,0.637751868,0.818137809,0.746383673,0.253616327,0.181862191
Rec_treadmill_SCH23390_xx_-220901_VGlut2-ChR2-88_-220901-092430,dpgmm,0.595361832,0.844389642,0.689278811,0.310721189,0.155610358
Rec_treadmill_SCH23390_xx_-230210_VGlut2-ChR2-118_-230210-081358,dpgmm,0.773746702,0.861866275,0.883283133,0.116716867,0.138133725
Rec_treadmill_SCH23390_xx_-230309_VGlut2-ChR2-5_-230309-063716,dpgmm,0.346696009,0.882780554,0.363426648,0.636573352,0.117219446
Rec_treadmill_SCH23390_xx_-230516_VGlut2-ChR2-121_-230516-101214,dpgmm,0.938337802,0.942549372,0.995260664,0.004739336,0.057450628
Rec_treadmill_SCH23390_xx_-230516_VGlut2-ChR2-12_-230516-074014,dpgmm,0.698389067,0.698389067,1,0,0.301610933
Rec_treadmill_SCH23390_xx_-230516_VGlut2-ChR2-8_-230516-090635,dpgmm,0.479699901,0.754284793,0.5777164,0.4222836,0.245715207
Rec_treadmill_SCH23390_xx_-231024_VGlut2-ChR2-171_-231024-104813,dpgmm,0.532052231,0.577434662,0.824547436,0.175452564,0.422565338
Rec_treadmill_SCH23390_xx_-231101_VGlut2-ChR2-169_-231101-140059,dpgmm,0.236675492,0.302895136,0.577747382,0.422252618,0.697104864
Rec_treadmill_xx_xx_-210705_VGlut2-ChR2-447_-210705-123245,dpgmm,0.640323137,0.730254831,0.839265229,0.160734771,0.269745169
Rec_treadmill_xx_xx_-210712_VGlut2-ChR2-344_-210712-085246,dpgmm,0.188805767,0.244999097,0.381134043,0.285532624,0.42166757
Rec_treadmill_xx_xx_-210713_VGlut2-ChR2-343_-210713-085217,dpgmm,0.412184337,0.507911614,0.524105147,0.275894853,0.292088386
Rec_treadmill_xx_xx_-210917_VGlut2-ChR2-27_-210917-072732,dpgmm,0.329512719,0.623814112,0.377304735,0.622695265,0.376185888
Rec_treadmill_xx_xx_-210917_VGlut2-ChR2-31_-210917-103218,dpgmm,0.946286012,0.949375354,0.996572995,0.003427005,0.050624646
Rec_treadmill_xx_xx_-210929_VGlut2-ChR2-21_-210929-080829,dpgmm,0.232648754,0.267968281,0.718351644,0.281648356,0.732031719
Rec_treadmill_xx_xx_-210929_VGlut2-ChR2-33_-210929-113128,dpgmm,0.652835205,0.857814394,0.768518235,0.231481765,0.142185606
Rec_treadmill_xx_xx_-210929_VGlut2-ChR2-464_-210929-125730,dpgmm,0.855118681,0.936139431,0.908090873,0.091909127,0.063860569
Rec_treadmill_xx_xx_-210930_VGlut2-ChR2-45_-210930-064711,dpgmm,0.354070513,0.606045742,0.709146125,0.290853875,0.393954258
Rec_treadmill_xx_xx_-211005_VGlut2-ChR2-19_-211005-065047,dpgmm,0.562904066,0.77854205,0.7052565,0.2947435,0.22145795
Rec_treadmill_xx_xx_-211005_VGlut2-ChR2-23_-211005-112801,dpgmm,0.743698377,0.807561482,0.875116673,0.124883327,0.192438518
Rec_treadmill_xx_xx_-211026_VGlut2-ChR2-29_-211026-095336,dpgmm,0.918543718,0.92165967,0.996332883,0.003667117,0.07834033
Rec_treadmill_xx_xx_-211026_VGlut2-ChR2-31_-211026-140946,dpgmm,0.589919155,0.634629038,0.893316677,0.106683323,0.365370962
Rec_treadmill_xx_xx_-220209_VGlut2-ChR2-36_-220209-074005,dpgmm,0.63517079,0.749270988,0.814567195,0.185432805,0.250729012
Rec_treadmill_xx_xx_-220209_VGlut2-ChR2-49_-220209-095438,dpgmm,0.528503828,0.7703457,0.689140479,0.310859521,0.2296543
Rec_treadmill_xx_xx_-220224_Vglut2-ChR2-42_-220224-151343,dpgmm,0.672694175,0.855109216,0.741949597,0.258050403,0.144890784
Rec_treadmill_xx_xx_-220224_Vglut2-ChR2-57_-220224-160343,dpgmm,0.427337862,0.533547633,0.737378597,0.262621403,0.466452367
Rec_treadmill_xx_xx_-220225_Vglut2-ChR2-51_-220225-094522,dpgmm,0.32172809,0.452059699,0.776479448,0.223520552,0.547940301
Rec_treadmill_xx_xx_-220316_Vglut2-ChR2-36_-220316-102002,dpgmm,0.445035343,0.460578187,0.637857632,0.028809035,0.20608848
Rec_treadmill_xx_xx_-220510_VGlut2-ChR2-77_-220510-084917,dpgmm,0.547292152,0.547292152,1,0,0.452707848
Rec_treadmill_xx_xx_-220512_VGlut2-ChR2-74_-220512-065053,dpgmm,0.566136622,0.650057836,0.814310082,0.185689918,0.349942164
Rec_treadmill_xx_xx_-220516_VGlut2-ChR2-72_-220516-105258,dpgmm,0.439643223,0.446183809,0.65218261,0.014484057,0.220482858
Rec_treadmill_xx_xx_-220531_VGlut2-ChR2-64_-220531-091819,dpgmm,0.364425254,0.661164822,0.621760943,0.378239057,0.338835178
Rec_treadmill_xx_xx_-220531_VGlut2-ChR2-78_-220531-074927,dpgmm,0.57379247,0.726510222,0.763086346,0.236913654,0.273489778
Rec_treadmill_xx_xx_-220819_VGlut2-ChR2-87_-220819-071423,dpgmm,0.949655567,0.950017705,0.999598762,0.000401238,0.049982295
Rec_treadmill_xx_xx_-220824_VGlut2-ChR2-92_-220824-075441,dpgmm,0.362309992,0.439559344,0.786231177,0.213768823,0.560440656
Rec_treadmill_xx_xx_-220831_VGlut2-ChR2-86_-220831-072406,dpgmm,0.140250432,0.223530953,0.242554205,0.424112461,0.443135713
Rec_treadmill_xx_xx_-220831_VGlut2-ChR2-88_-220831-090128,dpgmm,0.447572289,0.882260835,0.487827591,0.512172409,0.117739165
Rec_treadmill_xx_xx_-220831_VGlut2-ChR2-89_-220831-100854,dpgmm,0.717687207,0.793542578,0.882462331,0.117537669,0.206457422
Rec_treadmill_xx_xx_-220905_VGlut2-ChR2-88_-220905-081424,dpgmm,0.660924493,0.705359074,0.878737448,0.121262552,0.294640926
Rec_treadmill_xx_xx_-221101_VGlut2-ChR2-100_-221101-082854,dpgmm,0.529346659,0.787470883,0.611163555,0.388836445,0.212529117
Rec_treadmill_xx_xx_-221101_VGlut2-ChR2-102_-221101-075646,dpgmm,0.521705227,0.598847568,0.808314264,0.191685736,0.401152432
Rec_treadmill_xx_xx_-221101_VGlut2-ChR2-99_-221101-131057,dpgmm,0.205821035,0.511993292,0.332543457,0.467456543,0.288006708
Rec_treadmill_xx_xx_-230209_VGlut2-ChR2-113_-230209-072205,dpgmm,0.779919796,0.782926558,0.996310323,0.003689677,0.217073442
Rec_treadmill_xx_xx_-230209_VGlut2-ChR2-118_-230209-081406,dpgmm,0.384087132,0.595842395,0.550270743,0.449729257,0.404157605
Rec_treadmill_xx_xx_-230301_VGlut2-ChR2-124_-230301-134853,dpgmm,0.557917272,0.799729661,0.648526144,0.351473856,0.200270339
Rec_treadmill_xx_xx_-230302_VGlut2-ChR2-109_-230302-092537,dpgmm,0.729457364,0.749054726,0.965375737,0.034624263,0.250945274
Rec_treadmill_xx_xx_-230307_VGlut2-ChR2-105_-230307-134929,dpgmm,0.712709048,0.804029583,0.872901348,0.127098652,0.195970417
Rec_treadmill_xx_xx_-230316_VGlut2-ChR2-5_-230316-062858,dpgmm,0.4547148,0.782118153,0.497827413,0.502172587,0.217881847
Rec_treadmill_xx_xx_-230329_VGlut2-ChR2-12_-230329-142846,dpgmm,0.410746591,0.831063246,0.448166565,0.551833435,0.168936754
Rec_treadmill_xx_xx_-230329_VGlut2-ChR2-2_-230329-095457,dpgmm,0.916795158,0.916795158,1,0,0.083204842
Rec_treadmill_xx_xx_-230329_VGlut2-ChR2-6_-230329-090153,dpgmm,0.730135591,0.834356459,0.873679565,0.126320435,0.165643541
Rec_treadmill_xx_xx_-230330_VGlut2-ChR2-8_-230330-060307,dpgmm,0.28960812,0.790537242,0.313388112,0.686611888,0.209462758
Rec_treadmill_xx_xx_-230515_VGlut2-ChR2-121_-230515-112633,dpgmm,0.626171244,0.752183194,0.788927336,0.211072664,0.247816806
Rec_treadmill_xx_xx_-230515_VGlut2-ChR2-8_-230515-100310,dpgmm,0.824485942,0.837422414,0.981608119,0.018391881,0.162577586
Rec_treadmill_xx_xx_-231019_VGlut2-ChR2-169_-231019-082406,dpgmm,0.592662277,0.948259643,0.612468101,0.387531899,0.051740357
Rec_treadmill_xx_xx_-231019_VGlut2-ChR2-171_-231019-090324,dpgmm,0.149757807,0.15250613,0.411769149,0.088230851,0.34749387
Rec_treadmill_xx_xx_-231024_VGlut2-ChR2-171_-231024-095047,dpgmm,0.643427991,0.690418197,0.788757813,0.211242187,0.309581803
Rec_open-field_xx_xx_-210629_VGlut2-ChR2-1_-210629-085256,gmm,0.905460279,0.905460279,1,0,0.094539721
Rec_treadmill_6OHDA_xxx_-230413_VGlut2-ChR2-124_-230413-081015,gmm,0.867622816,0.867622816,1,0,0.132377184
Rec_treadmill_6OHDA_xxx_-230515_VGlut2-ChR2-2_-230515-083823,gmm,0.422666988,0.678881456,0.699137716,0.300862284,0.321118544
Rec_treadmill_6OHDA_xx_-220607_VGlut2-ChR2-72_-220607-085802,gmm,0.945454545,0.948470473,0.996648045,0.003351955,0.051529527
Rec_treadmill_6OHDA_xx_-220615_VGlut2-ChR2-74_-220615-131834,gmm,0.716020332,0.740470343,0.957736731,0.042263269,0.259529657
Rec_treadmill_6OHDA_xx_-220621_VGlut2-ChR2-64_-220621-095343,gmm,0.368580229,0.601665531,0.550419515,0.449580485,0.398334469
Rec_treadmill_6OHDA_xx_-220629_VGlut2-ChR2-78_-220629-074457,gmm,0.519458234,0.605838911,0.798101793,0.201898207,0.394161089
Rec_treadmill_6OHDA_xx_-220926_VGlut2-ChR2-86_-220926-070923,gmm,0.321456154,0.407340061,0.379139717,0.28752695,0.259326606
Rec_treadmill_6OHDA_xx_-220926_VGlut2-ChR2-89_-220926-100021,gmm,0.365696656,0.522425241,0.527890935,0.222109065,0.227574759
Rec_treadmill_6OHDA_xx_-221004_VGlut2-ChR2-88_-221004-113241,gmm,0.102558463,0.102558463,1,0,0.897441537
Rec_treadmill_6OHDA_xx_-221128_VGlut2-ChR2-100_-221128-090746,gmm,0.205619255,0.327573684,0.388972517,0.277694149,0.339092983
Rec_treadmill_6OHDA_xx_-221128_VGlut2-ChR2-99_-221128-075955,gmm,0.495285141,0.637956875,0.841883408,0.158116592,0.362043125
Rec_treadmill_6OHDA_xx_-221205_VGlut2-ChR2-102_-221205-091855,gmm,0.549746282,0.570980813,0.93663776,0.06336224,0.429019187
Rec_treadmill_haloperidol_xx_-211026_VGlut2-ChR2-29_-211026-130950,gmm,0.924381174,0.924381174,1,0,0.075618826
Rec_treadmill_haloperidol_xx_-211027_VGlut2-ChR2-31_-211027-082103,gmm,0.44712004,0.553961064,0.546951178,0.453048822,0.446038936
Rec_treadmill_haloperidol_xx_-211027_VGlut2-ChR2-464_-211027-071350,gmm,0.361023683,0.52478812,0.53637409,0.46362591,0.47521188
Rec_treadmill_haloperidol_xx_-220210_VGlut2-ChR2-49_-220210-090133,gmm,0.651803773,0.705332477,0.886258704,0.113741296,0.294667523
Rec_treadmill_haloperidol_xx_-220225_Vglut2-ChR2-42_-220225-073112,gmm,0.50345024,0.511697256,0.652064231,0.014602436,0.154969411
Rec_treadmill_haloperidol_xx_-220225_Vglut2-ChR2-51_-220225-133939,gmm,0.34341967,0.650952732,0.572157545,0.427842455,0.349047268
Rec_treadmill_haloperidol_xx_-220225_Vglut2-ChR2-57_-220225-082957,gmm,0.426042723,0.589962389,0.650180633,0.349819367,0.410037611
Rec_treadmill_haloperidol_xx_-220317_Vglut2-ChR2-36_-220317-080745,gmm,0.508845337,0.609310808,0.756341911,0.243658089,0.390689192
Rec_treadmill_haloperidol_xx_-220902_VGlut2-ChR2-88_-220902-090917,gmm,0.561035934,0.578138079,0.75247201,0.04752799,0.221861921
Rec_treadmill_haloperidol_xx_-230214_VGlut2-ChR2-111_-230214-132341,gmm,0.452373797,0.69229873,0.510689947,0.489310053,0.30770127
Rec_treadmill_haloperidol_xx_-230214_VGlut2-ChR2-118_-230214-091639,gmm,0.604890359,0.824134343,0.698768497,0.301231503,0.175865657
Rec_treadmill_haloperidol_xx_-230411_VGlut2-ChR2-12_-230411-105353,gmm,0.575116717,0.724492201,0.684566614,0.315433386,0.275507799
Rec_treadmill_haloperidol_xx_-230411_VGlut2-ChR2-4_-230411-091515,gmm,0.176830699,0.176830699,1,0,0.823169301
Rec_treadmill_haloperidol_xx_-230411_VGlut2-ChR2-4_-230411-093826,gmm,0.319054527,0.920482521,0.328097578,0.671902422,0.079517479
Rec_treadmill_haloperidol_xx_-230517_VGlut2-ChR2-121_-230517-134621,gmm,0.831762029,0.839954038,0.988410276,0.011589724,0.160045962
Rec_treadmill_haloperidol_xx_-230517_VGlut2-ChR2-12_-230517-080130,gmm,0.533654152,0.533654152,1,0,0.466345848
Rec_treadmill_haloperidol_xx_-230517_VGlut2-ChR2-8_-230517-085158,gmm,0.774475673,0.780573385,0.99001411,0.00998589,0.219426615
Rec_treadmill_haloperidol_xx_-231026_VGlut2-ChR2-169_-231026-091339,gmm,0.124537515,0.31020771,0.172233766,0.827766234,0.68979229
Rec_treadmill_haloperidol_xx_-231026_VGlut2-ChR2-171_-231026-062741,gmm,0.282737198,0.552357998,0.527911453,0.472088547,0.447642002
Rec_treadmill_SCH23390_xx_-211027_VGlut2-ChR2-29_-211027-130514,gmm,0.921297428,0.921477571,0.999787851,0.000212149,0.078522429
Rec_treadmill_SCH23390_xx_-211029_VGlut2-ChR2-31_-211029-072512,gmm,0.477154123,0.732440459,0.614361702,0.385638298,0.267559541
Rec_treadmill_SCH23390_xx_-220211_VGlut2-ChR2-49_-220211-061854,gmm,0.571775726,0.702266551,0.761429546,0.238570454,0.297733449
Rec_treadmill_SCH23390_xx_-220301_Vglut2-ChR2-51_-220301-080341,gmm,0.40582946,0.606273345,0.631045706,0.368954294,0.393726655
Rec_treadmill_SCH23390_xx_-220301_Vglut2-ChR2-57_-220301-065045,gmm,0.40325597,0.429519863,0.727265079,0.106068254,0.40381347
Rec_treadmill_SCH23390_xx_-220318_Vglut2-ChR2-36_-220318-081315,gmm,0.399968441,0.732470321,0.46400177,0.53599823,0.267529679
Rec_treadmill_SCH23390_xx_-220901_VGlut2-ChR2-86_-220901-071057,gmm,0.636873596,0.815868287,0.745540585,0.254459415,0.184131713
Rec_treadmill_SCH23390_xx_-220901_VGlut2-ChR2-88_-220901-092430,gmm,0.575505307,0.852844702,0.664633185,0.335366815,0.147155298
Rec_treadmill_SCH23390_xx_-230210_VGlut2-ChR2-118_-230210-081358,gmm,0.705346985,0.911094783,0.757483201,0.242516799,0.088905217
Rec_treadmill_SCH23390_xx_-230309_VGlut2-ChR2-5_-230309-063716,gmm,0.372943449,0.847947902,0.39967164,0.60032836,0.152052098
Rec_treadmill_SCH23390_xx_-230516_VGlut2-ChR2-121_-230516-101214,gmm,0.938337802,0.942549372,0.995260664,0.004739336,0.057450628
Rec_treadmill_SCH23390_xx_-230516_VGlut2-ChR2-12_-230516-074014,gmm,0.736210448,0.736210448,1,0,0.263789552
Rec_treadmill_SCH23390_xx_-230516_VGlut2-ChR2-8_-230516-090635,gmm,0.505295069,0.723775866,0.610679974,0.389320026,0.276224134
Rec_treadmill_SCH23390_xx_-231024_VGlut2-ChR2-171_-231024-104813,gmm,0.530888534,0.631219864,0.808981747,0.191018253,0.368780136
Rec_treadmill_SCH23390_xx_-231101_VGlut2-ChR2-169_-231101-140059,gmm,0.260173427,0.412847694,0.545265055,0.454734945,0.587152306
Rec_treadmill_xx_xx_-210705_VGlut2-ChR2-447_-210705-123245,gmm,0.555716785,0.692468855,0.802235086,0.197764914,0.307531145
Rec_treadmill_xx_xx_-210712_VGlut2-ChR2-344_-210712-085246,gmm,0.227140989,0.293847734,0.395654155,0.271012512,0.372818933
Rec_treadmill_xx_xx_-210713_VGlut2-ChR2-343_-210713-085217,gmm,0.412075073,0.507486801,0.529881616,0.270118384,0.292513199
Rec_treadmill_xx_xx_-210917_VGlut2-ChR2-27_-210917-072732,gmm,0.339578798,0.497688984,0.413852187,0.586147813,0.502311016
Rec_treadmill_xx_xx_-210917_VGlut2-ChR2-31_-210917-103218,gmm,0.859984331,0.860096635,0.999848194,0.000151806,0.139903365
Rec_treadmill_xx_xx_-210929_VGlut2-ChR2-21_-210929-080829,gmm,0.240379152,0.278051908,0.717220841,0.282779159,0.721948092
Rec_treadmill_xx_xx_-210929_VGlut2-ChR2-33_-210929-113128,gmm,0.608597158,0.812059139,0.769573683,0.230426317,0.187940861
Rec_treadmill_xx_xx_-210929_VGlut2-ChR2-464_-210929-125730,gmm,0.871322622,0.929796273,0.932682605,0.067317395,0.070203727
Rec_treadmill_xx_xx_-210930_VGlut2-ChR2-45_-210930-064711,gmm,0.446343568,0.871048627,0.522437535,0.477562465,0.128951373
Rec_treadmill_xx_xx_-211005_VGlut2-ChR2-19_-211005-065047,gmm,0.535909894,0.786395102,0.680498803,0.319501197,0.213604898
Rec_treadmill_xx_xx_-211005_VGlut2-ChR2-23_-211005-112801,gmm,0.747762562,0.800377076,0.88581219,0.11418781,0.199622924
Rec_treadmill_xx_xx_-211026_VGlut2-ChR2-29_-211026-095336,gmm,0.917733824,0.920769198,0.996420787,0.003579213,0.079230802
Rec_treadmill_xx_xx_-211026_VGlut2-ChR2-31_-211026-140946,gmm,0.589561483,0.633564075,0.894611529,0.105388471,0.366435925
Rec_treadmill_xx_xx_-220209_VGlut2-ChR2-36_-220209-074005,gmm,0.596860327,0.714757301,0.824765282,0.175234718,0.285242699
Rec_treadmill_xx_xx_-220209_VGlut2-ChR2-49_-220209-095438,gmm,0.534198121,0.776513324,0.688914042,0.311085958,0.223486676
Rec_treadmill_xx_xx_-220224_Vglut2-ChR2-42_-220224-151343,gmm,0.672143932,0.849156096,0.743540337,0.256459663,0.150843904
Rec_treadmill_xx_xx_-220224_Vglut2-ChR2-57_-220224-160343,gmm,0.43630699,0.564242214,0.709206435,0.290793565,0.435757786
Rec_treadmill_xx_xx_-220225_Vglut2-ChR2-51_-220225-094522,gmm,0.348143727,0.459766588,0.797062784,0.202937216,0.540233412
Rec_treadmill_xx_xx_-220316_Vglut2-ChR2-36_-220316-102002,gmm,0.429485192,0.523080593,0.529329612,0.137337055,0.143586074
Rec_treadmill_xx_xx_-220510_VGlut2-ChR2-77_-220510-084917,gmm,0.500711118,0.500711118,1,0,0.499288882
Rec_treadmill_xx_xx_-220512_VGlut2-ChR2-74_-220512-065053,gmm,0.569730724,0.67101044,0.790560472,0.209439528,0.32898956
Rec_treadmill_xx_xx_-220516_VGlut2-ChR2-72_-220516-105258,gmm,0.427369465,0.433375736,0.65283935,0.013827317,0.233290931
Rec_treadmill_xx_xx_-220531_VGlut2-ChR2-64_-220531-091819,gmm,0.337463672,0.337463672,0.5,0,0.162536328
Rec_treadmill_xx_xx_-220531_VGlut2-ChR2-78_-220531-074927,gmm,0.533309853,0.690583148,0.727638801,0.272361199,0.309416852
Rec_treadmill_xx_xx_-220819_VGlut2-ChR2-87_-220819-071423,gmm,0.857816032,0.857816032,1,0,0.142183968
Rec_treadmill_xx_xx_-220824_VGlut2-ChR2-92_-220824-075441,gmm,0.309774232,0.41550299,0.741185283,0.258814717,0.58449701
Rec_treadmill_xx_xx_-220831_VGlut2-ChR2-86_-220831-072406,gmm,0.150771523,0.363395797,0.1889012,0.477765467,0.30327087
Rec_treadmill_xx_xx_-220831_VGlut2-ChR2-88_-220831-090128,gmm,0.442690226,0.886081294,0.481889756,0.518110244,0.113918706
Rec_treadmill_xx_xx_-220831_VGlut2-ChR2-89_-220831-100854,gmm,0.60610626,0.845253409,0.681756874,0.318243126,0.154746591
Rec_treadmill_xx_xx_-220905_VGlut2-ChR2-88_-220905-081424,gmm,0.634802181,0.685722981,0.863199448,0.136800552,0.314277019
Rec_treadmill_xx_xx_-221101_VGlut2-ChR2-100_-221101-082854,gmm,0.528599203,0.786656785,0.607605339,0.392394661,0.213343215
Rec_treadmill_xx_xx_-221101_VGlut2-ChR2-102_-221101-075646,gmm,0.515349887,0.58921786,0.812989661,0.187010339,0.41078214
Rec_treadmill_xx_xx_-221101_VGlut2-ChR2-99_-221101-131057,gmm,0.2033878,0.374129419,0.357217237,0.442782763,0.425870581
Rec_treadmill_xx_xx_-230209_VGlut2-ChR2-113_-230209-072205,gmm,0.720795549,0.723651254,0.996480193,0.003519807,0.276348746
Rec_treadmill_xx_xx_-230209_VGlut2-ChR2-118_-230209-081406,gmm,0.385441032,0.635703394,0.535710413,0.464289587,0.364296606
Rec_treadmill_xx_xx_-230301_VGlut2-ChR2-124_-230301-134853,gmm,0.558967433,0.801337084,0.648887706,0.351112294,0.198662916
Rec_treadmill_xx_xx_-230302_VGlut2-ChR2-109_-230302-092537,gmm,0.791244175,0.79641791,0.991856678,0.008143322,0.20358209
Rec_treadmill_xx_xx_-230307_VGlut2-ChR2-105_-230307-134929,gmm,0.698994412,0.787537504,0.883992603,0.116007397,0.212462496
Rec_treadmill_xx_xx_-230316_VGlut2-ChR2-5_-230316-062858,gmm,0.455720817,0.795787806,0.498487739,0.501512261,0.204212194
Rec_treadmill_xx_xx_-230329_VGlut2-ChR2-12_-230329-142846,gmm,0.249781975,0.705627706,0.278837863,0.721162137,0.294372294
Rec_treadmill_xx_xx_-230329_VGlut2-ChR2-2_-230329-095457,gmm,0.916949349,0.916949349,1,0,0.083050651
Rec_treadmill_xx_xx_-230329_VGlut2-ChR2-6_-230329-090153,gmm,0.73248769,0.837494394,0.871573215,0.128426785,0.162505606
Rec_treadmill_xx_xx_-230330_VGlut2-ChR2-8_-230330-060307,gmm,0.284079195,0.671113278,0.329408801,0.670591199,0.328886722
Rec_treadmill_xx_xx_-230515_VGlut2-ChR2-121_-230515-112633,gmm,0.626617076,0.751989133,0.789849164,0.210150836,0.248010867
Rec_treadmill_xx_xx_-230515_VGlut2-ChR2-8_-230515-100310,gmm,0.82451217,0.837449053,0.981608693,0.018391307,0.162550947
Rec_treadmill_xx_xx_-231019_VGlut2-ChR2-169_-231019-082406,gmm,0.492331436,0.960301035,0.502560063,0.497439937,0.039698965
Rec_treadmill_xx_xx_-231019_VGlut2-ChR2-171_-231019-090324,gmm,0.151012707,0.154354831,0.406496579,0.093503421,0.345645169
Rec_treadmill_xx_xx_-231024_VGlut2-ChR2-171_-231024-095047,gmm,0.643415192,0.690226871,0.788970382,0.211029618,0.309773129
Rec_open-field_xx_xx_-210629_VGlut2-ChR2-1_-210629-085256,hdbscan,0.933952747,0.933952747,1,0,0.066047253
Rec_treadmill_6OHDA_xxx_-230413_VGlut2-ChR2-124_-230413-081015,hdbscan,0.555060996,0.555060996,1,0,0.444939004
Rec_treadmill_6OHDA_xxx_-230515_VGlut2-ChR2-2_-230515-083823,hdbscan,0.57296001,0.929172947,0.621172151,0.378827849,0.070827053
Rec_treadmill_6OHDA_xx_-220607_VGlut2-ChR2-72_-220607-085802,hdbscan,0.940567422,0.943644692,0.996544873,0.003455127,0.056355308
Rec_treadmill_6OHDA_xx_-220615_VGlut2-ChR2-74_-220615-131834,hdbscan,0.478951886,0.828923022,0.534843477,0.465156523,0.171076978
Rec_treadmill_6OHDA_xx_-220621_VGlut2-ChR2-64_-220621-095343,hdbscan,0.17772501,0.41510845,0.264123178,0.402543489,0.251558217
Rec_treadmill_6OHDA_xx_-220629_VGlut2-ChR2-78_-220629-074457,hdbscan,0.524259781,0.627579702,0.752160275,0.247839725,0.372420298
Rec_treadmill_6OHDA_xx_-220926_VGlut2-ChR2-86_-220926-070923,hdbscan,0.239341983,0.239341983,0.333333333,0,0.09399135
Rec_treadmill_6OHDA_xx_-220926_VGlut2-ChR2-89_-220926-100021,hdbscan,0.482565256,0.651464569,0.539739029,0.210260971,0.098535431
Rec_treadmill_6OHDA_xx_-221004_VGlut2-ChR2-88_-221004-113241,hdbscan,0.250704879,0.250959118,0.995975367,0.004024633,0.749040882
Rec_treadmill_6OHDA_xx_-221128_VGlut2-ChR2-100_-221128-090746,hdbscan,0.163739186,0.270210136,0.184964251,0.148369082,0.063123197
Rec_treadmill_6OHDA_xx_-221128_VGlut2-ChR2-99_-221128-075955,hdbscan,0.680961387,0.826222326,0.832015925,0.167984075,0.173777674
Rec_treadmill_6OHDA_xx_-221205_VGlut2-ChR2-102_-221205-091855,hdbscan,0.80782582,0.890513887,0.896906436,0.103093564,0.109486113
Rec_treadmill_haloperidol_xx_-211026_VGlut2-ChR2-29_-211026-130950,hdbscan,0.948831789,0.948884449,0.999941514,5.85E-05,0.051115551
Rec_treadmill_haloperidol_xx_-211027_VGlut2-ChR2-31_-211027-082103,hdbscan,0.353679439,0.582359791,0.437315635,0.562684365,0.417640209
Rec_treadmill_haloperidol_xx_-211027_VGlut2-ChR2-464_-211027-071350,hdbscan,0.321028247,0.966624166,0.324626584,0.675373416,0.033375834
Rec_treadmill_haloperidol_xx_-220210_VGlut2-ChR2-49_-220210-090133,hdbscan,0.659750021,0.684042348,0.939237514,0.060762486,0.315957652
Rec_treadmill_haloperidol_xx_-220225_Vglut2-ChR2-42_-220225-073112,hdbscan,0.370879954,0.584480789,0.430366109,0.236300557,0.082185877
Rec_treadmill_haloperidol_xx_-220225_Vglut2-ChR2-51_-220225-133939,hdbscan,0.22604259,0.352464468,0.35270413,0.14729587,0.147535532
Rec_treadmill_haloperidol_xx_-220225_Vglut2-ChR2-57_-220225-082957,hdbscan,0.351579851,0.565036832,0.507565806,0.492434194,0.434963168
Rec_treadmill_haloperidol_xx_-220317_Vglut2-ChR2-36_-220317-080745,hdbscan,0.24610219,0.844454121,0.26595201,0.73404799,0.155545879
Rec_treadmill_haloperidol_xx_-220902_VGlut2-ChR2-88_-220902-090917,hdbscan,0.248814165,0.567977171,0.326193701,0.473806299,0.232022829
Rec_treadmill_haloperidol_xx_-230214_VGlut2-ChR2-111_-230214-132341,hdbscan,0.306220463,0.438477447,0.521545741,0.145120925,0.22818922
Rec_treadmill_haloperidol_xx_-230214_VGlut2-ChR2-118_-230214-091639,hdbscan,0.340671903,0.907827601,0.353078691,0.646921309,0.092172399
Rec_treadmill_haloperidol_xx_-230411_VGlut2-ChR2-12_-230411-105353,hdbscan,0.268962388,0.924107272,0.277242625,0.722757375,0.075892728
Rec_treadmill_haloperidol_xx_-230411_VGlut2-ChR2-4_-230411-091515,hdbscan,0.274859177,0.274859177,1,0,0.725140823
Rec_treadmill_haloperidol_xx_-230411_VGlut2-ChR2-4_-230411-093826,hdbscan,0.248657188,0.774987691,0.26800613,0.73199387,0.225012309
Rec_treadmill_haloperidol_xx_-230517_VGlut2-ChR2-121_-230517-134621,hdbscan,0.748444153,0.75016415,0.996945899,0.003054101,0.24983585
Rec_treadmill_haloperidol_xx_-230517_VGlut2-ChR2-12_-230517-080130,hdbscan,0.945650112,0.951934461,0.993067315,0.006932685,0.048065539
Rec_treadmill_haloperidol_xx_-230517_VGlut2-ChR2-8_-230517-085158,hdbscan,0.540121088,0.542062473,0.993412798,0.006587202,0.457937527
Rec_treadmill_haloperidol_xx_-231026_VGlut2-ChR2-169_-231026-091339,hdbscan,0.127343448,0.323166168,0.173659469,0.826340531,0.676833832
Rec_treadmill_haloperidol_xx_-231026_VGlut2-ChR2-171_-231026-062741,hdbscan,0.242556296,0.257505478,0.308704696,0.024628638,0.075827856
Rec_treadmill_SCH23390_xx_-211027_VGlut2-ChR2-29_-211027-130514,hdbscan,0.94437386,0.944697007,0.999637919,0.000362081,0.055302993
Rec_treadmill_SCH23390_xx_-211029_VGlut2-ChR2-31_-211029-072512,hdbscan,0,0,0,0,0
Rec_treadmill_SCH23390_xx_-220211_VGlut2-ChR2-49_-220211-061854,hdbscan,0.622021269,0.639550233,0.725082206,0.024917794,0.110449767
Rec_treadmill_SCH23390_xx_-220301_Vglut2-ChR2-51_-220301-080341,hdbscan,0.219249893,0.486027222,0.222049137,0.277950863,0.013972778
Rec_treadmill_SCH23390_xx_-220301_Vglut2-ChR2-57_-220301-065045,hdbscan,0.475168482,0.513163362,0.714173555,0.119159778,0.320169971
Rec_treadmill_SCH23390_xx_-220318_Vglut2-ChR2-36_-220318-081315,hdbscan,0.182172564,0.463848288,0.187296621,0.312703379,0.036151712
Rec_treadmill_SCH23390_xx_-220901_VGlut2-ChR2-86_-220901-071057,hdbscan,0.503110536,0.640306825,0.786236865,0.213763135,0.359693175
Rec_treadmill_SCH23390_xx_-220901_VGlut2-ChR2-88_-220901-092430,hdbscan,0.361596397,0.645805799,0.502695082,0.297304918,0.154194201
Rec_treadmill_SCH23390_xx_-230210_VGlut2-ChR2-118_-230210-081358,hdbscan,0,0,0,0,0
Rec_treadmill_SCH23390_xx_-230309_VGlut2-ChR2-5_-230309-063716,hdbscan,0.377112162,0.802741178,0.415627695,0.584372305,0.197258822
Rec_treadmill_SCH23390_xx_-230516_VGlut2-ChR2-121_-230516-101214,hdbscan,0.765771812,0.768177738,0.99592668,0.00407332,0.231822262
Rec_treadmill_SCH23390_xx_-230516_VGlut2-ChR2-12_-230516-074014,hdbscan,0.91673098,0.960015313,0.95312302,0.04687698,0.039984687
Rec_treadmill_SCH23390_xx_-230516_VGlut2-ChR2-8_-230516-090635,hdbscan,0.386735373,0.734435328,0.563535901,0.436464099,0.265564672
Rec_treadmill_SCH23390_xx_-231024_VGlut2-ChR2-171_-231024-104813,hdbscan,0.471707087,0.564360772,0.793738795,0.206261205,0.435639228
Rec_treadmill_SCH23390_xx_-231101_VGlut2-ChR2-169_-231101-140059,hdbscan,0.276965408,0.544603944,0.330206373,0.336460294,0.122062723
Rec_treadmill_xx_xx_-210705_VGlut2-ChR2-447_-210705-123245,hdbscan,0.541075844,0.899550253,0.591776167,0.408223833,0.100449747
Rec_treadmill_xx_xx_-210712_VGlut2-ChR2-344_-210712-085246,hdbscan,0.188546271,0.441546575,0.221013405,0.445653261,0.225120091
Rec_treadmill_xx_xx_-210713_VGlut2-ChR2-343_-210713-085217,hdbscan,0.23883276,0.562572337,0.254183852,0.345816148,0.037427663
Rec_treadmill_xx_xx_-210917_VGlut2-ChR2-27_-210917-072732,hdbscan,0.163673483,0.368492824,0.365670155,0.300996511,0.298173843
Rec_treadmill_xx_xx_-210917_VGlut2-ChR2-31_-210917-103218,hdbscan,0.925408838,0.926174205,0.999107814,0.000892186,0.073825795
Rec_treadmill_xx_xx_-210929_VGlut2-ChR2-21_-210929-080829,hdbscan,0.36592121,0.481057231,0.655530214,0.344469786,0.518942769
Rec_treadmill_xx_xx_-210929_VGlut2-ChR2-33_-210929-113128,hdbscan,0.658560793,0.781326881,0.833319315,0.166680685,0.218673119
Rec_treadmill_xx_xx_-210929_VGlut2-ChR2-464_-210929-125730,hdbscan,0.720758348,0.988443855,0.72688348,0.27311652,0.011556145
Rec_treadmill_xx_xx_-210930_VGlut2-ChR2-45_-210930-064711,hdbscan,0.435931058,0.785901485,0.53165464,0.46834536,0.214098515
Rec_treadmill_xx_xx_-211005_VGlut2-ChR2-19_-211005-065047,hdbscan,0.231646443,0.71189107,0.257828774,0.742171226,0.28810893
Rec_treadmill_xx_xx_-211005_VGlut2-ChR2-23_-211005-112801,hdbscan,0.39347651,0.887169084,0.434200867,0.565799133,0.112830916
Rec_treadmill_xx_xx_-211026_VGlut2-ChR2-29_-211026-095336,hdbscan,0.937860143,0.942055718,0.995273721,0.004726279,0.057944282
Rec_treadmill_xx_xx_-211026_VGlut2-ChR2-31_-211026-140946,hdbscan,0.506007067,0.698970536,0.647005668,0.352994332,0.301029464
Rec_treadmill_xx_xx_-220209_VGlut2-ChR2-36_-220209-074005,hdbscan,0.415025147,0.987231382,0.417575351,0.582424649,0.012768618
Rec_treadmill_xx_xx_-220209_VGlut2-ChR2-49_-220209-095438,hdbscan,0.4897263,0.734644976,0.702884545,0.297115455,0.265355024
Rec_treadmill_xx_xx_-220224_Vglut2-ChR2-42_-220224-151343,hdbscan,0.393817638,0.788535825,0.524024111,0.475975889,0.211464175
Rec_treadmill_xx_xx_-220224_Vglut2-ChR2-57_-220224-160343,hdbscan,0.372559615,0.713448336,0.449551303,0.550448697,0.286551664
Rec_treadmill_xx_xx_-220225_Vglut2-ChR2-51_-220225-094522,hdbscan,0.305046934,0.462204325,0.537439272,0.212560728,0.287795675
Rec_treadmill_xx_xx_-220316_Vglut2-ChR2-36_-220316-102002,hdbscan,0.223682203,0.523305719,0.257728555,0.408938112,0.143360948
Rec_treadmill_xx_xx_-220510_VGlut2-ChR2-77_-220510-084917,hdbscan,0.870760555,0.958016037,0.905307159,0.094692841,0.041983963
Rec_treadmill_xx_xx_-220512_VGlut2-ChR2-74_-220512-065053,hdbscan,0.446331319,0.85317071,0.483467886,0.516532114,0.14682929
Rec_treadmill_xx_xx_-220516_VGlut2-ChR2-72_-220516-105258,hdbscan,0.286208846,0.433785083,0.475063248,0.191603419,0.232881584
Rec_treadmill_xx_xx_-220531_VGlut2-ChR2-64_-220531-091819,hdbscan,0.474024326,0.496034381,0.477644543,0.022355457,0.003965619
Rec_treadmill_xx_xx_-220531_VGlut2-ChR2-78_-220531-074927,hdbscan,0.39699457,0.614901617,0.518554131,0.481445869,0.385098383
Rec_treadmill_xx_xx_-220819_VGlut2-ChR2-87_-220819-071423,hdbscan,0.94125177,0.941328685,0.999913199,8.68E-05,0.058671315
Rec_treadmill_xx_xx_-220824_VGlut2-ChR2-92_-220824-075441,hdbscan,0.197885281,0.213847177,0.418101468,0.081898532,0.286152823
Rec_treadmill_xx_xx_-220831_VGlut2-ChR2-86_-220831-072406,hdbscan,0,0,0,0,0
Rec_treadmill_xx_xx_-220831_VGlut2-ChR2-88_-220831-090128,hdbscan,0.418782603,0.490289922,0.559525753,0.107140914,0.176376744
Rec_treadmill_xx_xx_-220831_VGlut2-ChR2-89_-220831-100854,hdbscan,0.56794938,0.942929423,0.588167643,0.411832357,0.057070577
Rec_treadmill_xx_xx_-220905_VGlut2-ChR2-88_-220905-081424,hdbscan,0.662720954,0.734217598,0.836270958,0.163729042,0.265782402
Rec_treadmill_xx_xx_-221101_VGlut2-ChR2-100_-221101-082854,hdbscan,0.258000558,0.871729181,0.267196437,0.732803563,0.128270819
Rec_treadmill_xx_xx_-221101_VGlut2-ChR2-102_-221101-075646,hdbscan,0.45400446,0.788210181,0.526648592,0.473351408,0.211789819
Rec_treadmill_xx_xx_-221101_VGlut2-ChR2-99_-221101-131057,hdbscan,0.182263548,0.356856685,0.363799414,0.436200586,0.443143315
Rec_treadmill_xx_xx_-230209_VGlut2-ChR2-113_-230209-072205,hdbscan,0.702739437,0.702739437,1,0,0.297260563
Rec_treadmill_xx_xx_-230209_VGlut2-ChR2-118_-230209-081406,hdbscan,0.143057356,0.321013927,0.145452987,0.187880346,0.012319406
Rec_treadmill_xx_xx_-230301_VGlut2-ChR2-124_-230301-134853,hdbscan,0.472229675,0.964454024,0.480594189,0.519405811,0.035545976
Rec_treadmill_xx_xx_-230302_VGlut2-ChR2-109_-230302-092537,hdbscan,0.501745947,0.616830135,0.72894339,0.27105661,0.383169865
Rec_treadmill_xx_xx_-230307_VGlut2-ChR2-105_-230307-134929,hdbscan,0.43621514,0.863885111,0.464627791,0.535372209,0.136114889
Rec_treadmill_xx_xx_-230316_VGlut2-ChR2-5_-230316-062858,hdbscan,0.401277875,0.793476207,0.442719529,0.557280471,0.206523793
Rec_treadmill_xx_xx_-230329_VGlut2-ChR2-12_-230329-142846,hdbscan,0.214313197,0.901770316,0.219435951,0.780564049,0.098229684
Rec_treadmill_xx_xx_-230329_VGlut2-ChR2-2_-230329-095457,hdbscan,0.862337137,0.862337137,1,0,0.137662863
Rec_treadmill_xx_xx_-230329_VGlut2-ChR2-6_-230329-090153,hdbscan,0.392456676,0.79717661,0.444704506,0.555295494,0.20282339
Rec_treadmill_xx_xx_-230330_VGlut2-ChR2-8_-230330-060307,hdbscan,0.113938906,0.553242085,0.486805732,0.513194268,0.446757915
Rec_treadmill_xx_xx_-230515_VGlut2-ChR2-121_-230515-112633,hdbscan,0.567800559,0.945856782,0.586875376,0.413124624,0.054143218
Rec_treadmill_xx_xx_-230515_VGlut2-ChR2-8_-230515-100310,hdbscan,0.816664299,0.918804443,0.880186801,0.119813199,0.081195557
Rec_treadmill_xx_xx_-231019_VGlut2-ChR2-169_-231019-082406,hdbscan,0.748447789,0.748447789,1,0,0.251552211
Rec_treadmill_xx_xx_-231019_VGlut2-ChR2-171_-231019-090324,hdbscan,0.269662472,0.29090201,0.509327572,0.240672428,0.45909799
Rec_treadmill_xx_xx_-231024_VGlut2-ChR2-171_-231024-095047,hdbscan,0.595949735,0.632987081,0.796262279,0.203737721,0.367012919
Rec_open-field_xx_xx_-210629_VGlut2-ChR2-1_-210629-085256,kilosort4,0.976755741,0.999940658,0.976812362,0.023187638,5.93E-05
Rec_open-field_xx_xx_-210629_VGlut2-ChR2-1_-210629-085256,spykingcircus2,0.983710247,0.987521299,0.996092214,0.003907786,0.012478701
Rec_treadmill_6OHDA_xxx_-230413_VGlut2-ChR2-124_-230413-081015,kilosort4,0.722799209,0.722799209,1,0,0.277200791
Rec_treadmill_6OHDA_xxx_-230413_VGlut2-ChR2-124_-230413-081015,spykingcircus2,0.368117376,0.368117376,1,0,0.631882624
Rec_treadmill_6OHDA_xxx_-230515_VGlut2-ChR2-2_-230515-083823,kilosort4,0.496914202,0.497535535,0.4993725,0.0006275,0.002464465
Rec_treadmill_6OHDA_xxx_-230515_VGlut2-ChR2-2_-230515-083823,spykingcircus2,0.661299651,0.759034202,0.734571535,0.265428465,0.240965798
Rec_treadmill_6OHDA_xx_-220607_VGlut2-ChR2-72_-220607-085802,spykingcircus2,0.95081835,0.964583674,0.985213033,0.014786967,0.035416326
Rec_treadmill_6OHDA_xx_-220615_VGlut2-ChR2-74_-220615-131834,kilosort4,0.209864518,0.240407555,0.602754237,0.397245763,0.759592445
Rec_treadmill_6OHDA_xx_-220615_VGlut2-ChR2-74_-220615-131834,spykingcircus2,0.491240126,0.680844965,0.590876369,0.409123631,0.319155035
Rec_treadmill_6OHDA_xx_-220621_VGlut2-ChR2-64_-220621-095343,kilosort4,0.417286321,0.464766493,0.527071318,0.139595348,0.201900173
Rec_treadmill_6OHDA_xx_-220621_VGlut2-ChR2-64_-220621-095343,spykingcircus2,0.043562409,0.05838578,0.113274482,0.220058851,0.274947553
Rec_treadmill_6OHDA_xx_-220629_VGlut2-ChR2-78_-220629-074457,kilosort4,0.459300835,0.607284515,0.681366219,0.318633781,0.392715485
Rec_treadmill_6OHDA_xx_-220629_VGlut2-ChR2-78_-220629-074457,spykingcircus2,0.197502944,0.367220208,0.389102273,0.610897727,0.632779792
Rec_treadmill_6OHDA_xx_-220926_VGlut2-ChR2-86_-220926-070923,kilosort4,0,0,0,0,0
Rec_treadmill_6OHDA_xx_-220926_VGlut2-ChR2-86_-220926-070923,spykingcircus2,0.286802721,0.325610133,0.292777778,0.040555556,0.0077232
Rec_treadmill_6OHDA_xx_-220926_VGlut2-ChR2-89_-220926-100021,kilosort4,0.365451814,0.517806748,0.525143067,0.224856933,0.232193252
Rec_treadmill_6OHDA_xx_-220926_VGlut2-ChR2-89_-220926-100021,spykingcircus2,0.318582964,0.424207,0.485192442,0.264807558,0.325793
Rec_treadmill_6OHDA_xx_-221004_VGlut2-ChR2-88_-221004-113241,kilosort4,0.333972794,0.374361606,0.755834032,0.244165968,0.625638394
Rec_treadmill_6OHDA_xx_-221128_VGlut2-ChR2-100_-221128-090746,kilosort4,0.22049016,0.222043675,0.329844534,0.003488799,0.111289658
Rec_treadmill_6OHDA_xx_-221128_VGlut2-ChR2-100_-221128-090746,spykingcircus2,0.134551199,0.206402795,0.411406265,0.255260402,0.460263872
Rec_treadmill_6OHDA_xx_-221128_VGlut2-ChR2-99_-221128-075955,spykingcircus2,0.444186342,0.465423126,0.960501567,0.039498433,0.534576874
Rec_treadmill_6OHDA_xx_-221205_VGlut2-ChR2-102_-221205-091855,kilosort4,0,0,0,0,0
Rec_treadmill_6OHDA_xx_-221205_VGlut2-ChR2-102_-221205-091855,spykingcircus2,0,0,0,0,0
Rec_treadmill_haloperidol_xx_-211026_VGlut2-ChR2-29_-211026-130950,kilosort4,0.98164069,0.982239982,0.999378847,0.000621153,0.017760018
Rec_treadmill_haloperidol_xx_-211026_VGlut2-ChR2-29_-211026-130950,spykingcircus2,0.990520276,0.991647242,0.99885398,0.00114602,0.008352758
Rec_treadmill_haloperidol_xx_-211027_VGlut2-ChR2-31_-211027-082103,kilosort4,0.544973172,0.71186409,0.580575096,0.419424904,0.28813591
Rec_treadmill_haloperidol_xx_-211027_VGlut2-ChR2-31_-211027-082103,spykingcircus2,0.227467811,0.324407039,0.301779359,0.198220641,0.175592961
Rec_treadmill_haloperidol_xx_-211027_VGlut2-ChR2-464_-211027-071350,kilosort4,0.466279805,0.940148504,0.480544374,0.519455626,0.059851496
Rec_treadmill_haloperidol_xx_-211027_VGlut2-ChR2-464_-211027-071350,spykingcircus2,0.102138804,0.315907898,0.131145499,0.868854501,0.684092102
Rec_treadmill_haloperidol_xx_-220210_VGlut2-ChR2-49_-220210-090133,kilosort4,0.650718501,0.818614771,0.770598092,0.229401908,0.181385229
Rec_treadmill_haloperidol_xx_-220210_VGlut2-ChR2-49_-220210-090133,spykingcircus2,0.657975091,0.805422853,0.792029886,0.207970114,0.194577147
Rec_treadmill_haloperidol_xx_-220225_Vglut2-ChR2-42_-220225-073112,kilosort4,0.289866389,0.312476618,0.307727733,0.0256056,0.020856715
Rec_treadmill_haloperidol_xx_-220225_Vglut2-ChR2-42_-220225-073112,spykingcircus2,0.232569817,0.409211606,0.379048438,0.287618229,0.257455061
Rec_treadmill_haloperidol_xx_-220225_Vglut2-ChR2-51_-220225-133939,kilosort4,0.331772874,0.396368483,0.746719652,0.253280348,0.603631517
Rec_treadmill_haloperidol_xx_-220225_Vglut2-ChR2-51_-220225-133939,spykingcircus2,0.02786438,0.122852234,0.031497797,0.218502203,0.127147766
Rec_treadmill_haloperidol_xx_-220225_Vglut2-ChR2-57_-220225-082957,kilosort4,0.390127636,0.716102827,0.478104722,0.521895278,0.283897173
Rec_treadmill_haloperidol_xx_-220225_Vglut2-ChR2-57_-220225-082957,spykingcircus2,0.39712771,0.725602739,0.484593361,0.515406639,0.274397261
Rec_treadmill_haloperidol_xx_-220317_Vglut2-ChR2-36_-220317-080745,kilosort4,0.286580786,0.735526527,0.33778086,0.66221914,0.264473473
Rec_treadmill_haloperidol_xx_-220317_Vglut2-ChR2-36_-220317-080745,spykingcircus2,0.30400902,0.500098515,0.492682025,0.507317975,0.499901485
Rec_treadmill_haloperidol_xx_-220902_VGlut2-ChR2-88_-220902-090917,kilosort4,0.504380465,0.608782947,0.654733032,0.145266968,0.191217053
Rec_treadmill_haloperidol_xx_-220902_VGlut2-ChR2-88_-220902-090917,spykingcircus2,0.51660768,0.637388309,0.65270879,0.14729121,0.162611691
Rec_treadmill_haloperidol_xx_-230214_VGlut2-ChR2-111_-230214-132341,kilosort4,0.632923213,0.861748549,0.758973268,0.241026732,0.138251451
Rec_treadmill_haloperidol_xx_-230214_VGlut2-ChR2-111_-230214-132341,spykingcircus2,0.460623222,0.613608132,0.696508222,0.303491778,0.386391868
Rec_treadmill_haloperidol_xx_-230214_VGlut2-ChR2-118_-230214-091639,kilosort4,0.578714561,0.703014307,0.783775158,0.216224842,0.296985693
Rec_treadmill_haloperidol_xx_-230214_VGlut2-ChR2-118_-230214-091639,spykingcircus2,0.406435189,0.431780611,0.899525817,0.100474183,0.568219389
Rec_treadmill_haloperidol_xx_-230411_VGlut2-ChR2-12_-230411-105353,kilosort4,0.574675337,0.895766502,0.582067644,0.417932356,0.104233498
Rec_treadmill_haloperidol_xx_-230411_VGlut2-ChR2-12_-230411-105353,spykingcircus2,0.618977249,0.935573814,0.633099383,0.366900617,0.064426186
Rec_treadmill_haloperidol_xx_-230411_VGlut2-ChR2-4_-230411-091515,kilosort4,0.25110507,0.25110507,1,0,0.74889493
Rec_treadmill_haloperidol_xx_-230411_VGlut2-ChR2-4_-230411-091515,spykingcircus2,0.327462447,0.327462447,1,0,0.672537553
Rec_treadmill_haloperidol_xx_-230411_VGlut2-ChR2-4_-230411-093826,kilosort4,0.519749038,0.897341211,0.552607641,0.447392359,0.102658789
Rec_treadmill_haloperidol_xx_-230411_VGlut2-ChR2-4_-230411-093826,spykingcircus2,0,0,0,0,0
Rec_treadmill_haloperidol_xx_-230517_VGlut2-ChR2-121_-230517-134621,kilosort4,0.878397941,0.896421536,0.977622628,0.022377372,0.103578464
Rec_treadmill_haloperidol_xx_-230517_VGlut2-ChR2-121_-230517-134621,spykingcircus2,0,0,0,0,0
Rec_treadmill_haloperidol_xx_-230517_VGlut2-ChR2-12_-230517-080130,kilosort4,0.554220932,0.554220932,1,0,0.445779068
Rec_treadmill_haloperidol_xx_-230517_VGlut2-ChR2-12_-230517-080130,spykingcircus2,0.934846712,0.976727902,0.956144068,0.043855932,0.023272098
Rec_treadmill_haloperidol_xx_-230517_VGlut2-ChR2-8_-230517-085158,kilosort4,0.844058991,0.862045357,0.975876768,0.024123232,0.137954643
Rec_treadmill_haloperidol_xx_-230517_VGlut2-ChR2-8_-230517-085158,spykingcircus2,0.811053569,0.857766367,0.937079282,0.062920718,0.142233633
Rec_treadmill_haloperidol_xx_-231026_VGlut2-ChR2-169_-231026-091339,kilosort4,0.123353437,0.384636976,0.153682243,0.846317757,0.615363024
Rec_treadmill_haloperidol_xx_-231026_VGlut2-ChR2-169_-231026-091339,spykingcircus2,0.133892019,0.358018338,0.176194313,0.823805687,0.641981662
Rec_treadmill_haloperidol_xx_-231026_VGlut2-ChR2-171_-231026-062741,kilosort4,0.248843968,0.401505068,0.302806381,0.363860286,0.265161598
Rec_treadmill_haloperidol_xx_-231026_VGlut2-ChR2-171_-231026-062741,spykingcircus2,0.091198227,0.134211536,0.212341721,0.454324946,0.532455131
Rec_treadmill_SCH23390_xx_-211027_VGlut2-ChR2-29_-211027-130514,kilosort4,0.987811824,0.989131675,0.998651005,0.001348995,0.010868325
Rec_treadmill_SCH23390_xx_-211027_VGlut2-ChR2-29_-211027-130514,spykingcircus2,0.974312614,0.974646005,0.999649041,0.000350959,0.025353995
Rec_treadmill_SCH23390_xx_-211029_VGlut2-ChR2-31_-211029-072512,kilosort4,0.470741902,0.474210526,0.496145374,0.003854626,0.025789474
Rec_treadmill_SCH23390_xx_-211029_VGlut2-ChR2-31_-211029-072512,spykingcircus2,0.292270531,0.318421053,0.438405797,0.061594203,0.181578947
Rec_treadmill_SCH23390_xx_-220211_VGlut2-ChR2-49_-220211-061854,kilosort4,0.393389579,0.422967189,0.677754831,0.072245169,0.327032811
Rec_treadmill_SCH23390_xx_-220211_VGlut2-ChR2-49_-220211-061854,spykingcircus2,0.399224468,0.656158796,0.427660221,0.322339779,0.093841204
Rec_treadmill_SCH23390_xx_-220301_Vglut2-ChR2-51_-220301-080341,kilosort4,0.185144079,0.250730648,0.293009791,0.206990209,0.249269352
Rec_treadmill_SCH23390_xx_-220301_Vglut2-ChR2-51_-220301-080341,spykingcircus2,0.145782935,0.579270403,0.27996373,0.72003627,0.420729597
Rec_treadmill_SCH23390_xx_-220301_Vglut2-ChR2-57_-220301-065045,kilosort4,0.428048395,0.530033049,0.599819554,0.233513779,0.303300285
Rec_treadmill_SCH23390_xx_-220301_Vglut2-ChR2-57_-220301-065045,spykingcircus2,0.362008859,0.568292775,0.471995032,0.361338302,0.265040558
Rec_treadmill_SCH23390_xx_-220318_Vglut2-ChR2-36_-220318-081315,kilosort4,0.221089616,0.458327943,0.227803239,0.272196761,0.041672057
Rec_treadmill_SCH23390_xx_-220318_Vglut2-ChR2-36_-220318-081315,spykingcircus2,0.350353759,0.618019748,0.521735032,0.478264968,0.381980252
Rec_treadmill_SCH23390_xx_-220901_VGlut2-ChR2-86_-220901-071057,kilosort4,0.447577093,0.593324833,0.699304031,0.300695969,0.406675167
Rec_treadmill_SCH23390_xx_-220901_VGlut2-ChR2-86_-220901-071057,spykingcircus2,0.433062286,0.695273705,0.494206315,0.505793685,0.304726295
Rec_treadmill_SCH23390_xx_-220901_VGlut2-ChR2-88_-220901-092430,kilosort4,0.537886289,0.743560656,0.605715268,0.394284732,0.256439344
Rec_treadmill_SCH23390_xx_-220901_VGlut2-ChR2-88_-220901-092430,spykingcircus2,0.431699965,0.800589524,0.510113932,0.489886068,0.199410476
Rec_treadmill_SCH23390_xx_-230210_VGlut2-ChR2-118_-230210-081358,kilosort4,0,0,0,0,0
Rec_treadmill_SCH23390_xx_-230210_VGlut2-ChR2-118_-230210-081358,spykingcircus2,0.564079422,0.918442322,0.593824228,0.406175772,0.081557678
Rec_treadmill_SCH23390_xx_-230309_VGlut2-ChR2-5_-230309-063716,kilosort4,0,0,0,0,0
Rec_treadmill_SCH23390_xx_-230309_VGlut2-ChR2-5_-230309-063716,spykingcircus2,0,0,0,0,0
Rec_treadmill_SCH23390_xx_-230516_VGlut2-ChR2-121_-230516-101214,kilosort4,0.503536693,0.511220826,0.971014493,0.028985507,0.488779174
Rec_treadmill_SCH23390_xx_-230516_VGlut2-ChR2-121_-230516-101214,spykingcircus2,0,0,0,0,0
Rec_treadmill_SCH23390_xx_-230516_VGlut2-ChR2-12_-230516-074014,kilosort4,0.963789003,0.999696165,0.9640714,0.0359286,0.000303835
Rec_treadmill_SCH23390_xx_-230516_VGlut2-ChR2-12_-230516-074014,spykingcircus2,0.956884737,0.971561043,0.984458798,0.015541202,0.028438957
Rec_treadmill_SCH23390_xx_-230516_VGlut2-ChR2-8_-230516-090635,kilosort4,0.562716006,0.641609665,0.689778235,0.310221765,0.358390335
Rec_treadmill_SCH23390_xx_-230516_VGlut2-ChR2-8_-230516-090635,spykingcircus2,0.555289885,0.702430344,0.647483725,0.352516275,0.297569656
Rec_treadmill_SCH23390_xx_-231024_VGlut2-ChR2-171_-231024-104813,kilosort4,0.491527199,0.621332141,0.608719398,0.391280602,0.378667859
Rec_treadmill_SCH23390_xx_-231024_VGlut2-ChR2-171_-231024-104813,spykingcircus2,0.630851453,0.765681899,0.717114691,0.282885309,0.234318101
Rec_treadmill_SCH23390_xx_-231101_VGlut2-ChR2-169_-231101-140059,kilosort4,0,0,0,0,0
Rec_treadmill_SCH23390_xx_-231101_VGlut2-ChR2-169_-231101-140059,spykingcircus2,0,0,0,0,0
Rec_treadmill_xx_xx_-210705_VGlut2-ChR2-447_-210705-123245,kilosort4,0.631184894,0.831382256,0.757304235,0.242695765,0.168617744
Rec_treadmill_xx_xx_-210705_VGlut2-ChR2-447_-210705-123245,spykingcircus2,0.534851955,0.90743208,0.573268083,0.426731917,0.09256792
Rec_treadmill_xx_xx_-210712_VGlut2-ChR2-344_-210712-085246,kilosort4,0.114314541,0.253045479,0.128271982,0.205061351,0.080287854
Rec_treadmill_xx_xx_-210712_VGlut2-ChR2-344_-210712-085246,spykingcircus2,0.084279575,0.126082837,0.144217371,0.189115962,0.207250496
Rec_treadmill_xx_xx_-210713_VGlut2-ChR2-343_-210713-085217,kilosort4,0.341579298,0.569540492,0.355002794,0.244997206,0.030459508
Rec_treadmill_xx_xx_-210713_VGlut2-ChR2-343_-210713-085217,spykingcircus2,0.175862757,0.199931965,0.175915395,0.024084605,6.80E-05
Rec_treadmill_xx_xx_-210917_VGlut2-ChR2-27_-210917-072732,kilosort4,0.266733871,0.320494186,0.27556759,0.057765743,0.012839147
Rec_treadmill_xx_xx_-210917_VGlut2-ChR2-27_-210917-072732,spykingcircus2,0.121090593,0.618814799,0.122984809,0.543681858,0.047851868
Rec_treadmill_xx_xx_-210917_VGlut2-ChR2-31_-210917-103218,kilosort4,0.674815458,0.676489792,0.996345685,0.003654315,0.323510208
Rec_treadmill_xx_xx_-210917_VGlut2-ChR2-31_-210917-103218,spykingcircus2,0.92311646,0.938144779,0.982942625,0.017057375,0.061855221
Rec_treadmill_xx_xx_-210929_VGlut2-ChR2-21_-210929-080829,kilosort4,0,0,0,0,0
Rec_treadmill_xx_xx_-210929_VGlut2-ChR2-21_-210929-080829,spykingcircus2,0.175612621,0.66575989,0.175701459,0.490965208,0.000906776
Rec_treadmill_xx_xx_-210929_VGlut2-ChR2-33_-210929-113128,kilosort4,0.574706472,0.938970413,0.578690826,0.421309174,0.061029587
Rec_treadmill_xx_xx_-210929_VGlut2-ChR2-33_-210929-113128,spykingcircus2,0.545019985,0.947963623,0.548316528,0.451683472,0.052036377
Rec_treadmill_xx_xx_-210929_VGlut2-ChR2-464_-210929-125730,kilosort4,0.31130585,0.31130585,1,0,0.68869415
Rec_treadmill_xx_xx_-210929_VGlut2-ChR2-464_-210929-125730,spykingcircus2,0.342348995,0.351151768,0.931771614,0.068228386,0.648848232
Rec_treadmill_xx_xx_-210930_VGlut2-ChR2-45_-210930-064711,kilosort4,0,0,0,0,0
Rec_treadmill_xx_xx_-210930_VGlut2-ChR2-45_-210930-064711,spykingcircus2,0.28543556,0.625338872,0.287532831,0.379133835,0.041327795
Rec_treadmill_xx_xx_-211005_VGlut2-ChR2-19_-211005-065047,kilosort4,0.499899523,0.584411073,0.548914991,0.117751675,0.082255594
Rec_treadmill_xx_xx_-211005_VGlut2-ChR2-19_-211005-065047,spykingcircus2,0.24690054,0.641498839,0.249401519,0.417265147,0.025167828
Rec_treadmill_xx_xx_-211005_VGlut2-ChR2-23_-211005-112801,kilosort4,0.612535362,0.787671561,0.666897493,0.333102507,0.212328439
Rec_treadmill_xx_xx_-211005_VGlut2-ChR2-23_-211005-112801,spykingcircus2,0.246147033,0.989624016,0.2464553,0.7535447,0.010375984
Rec_treadmill_xx_xx_-211026_VGlut2-ChR2-29_-211026-095336,kilosort4,0.98338225,0.987406182,0.995872982,0.004127018,0.012593818
Rec_treadmill_xx_xx_-211026_VGlut2-ChR2-29_-211026-095336,spykingcircus2,0.962274513,0.965865242,0.996151491,0.003848509,0.034134758
Rec_treadmill_xx_xx_-211026_VGlut2-ChR2-31_-211026-140946,spykingcircus2,0.342379014,0.470269791,0.557320151,0.442679849,0.529730209
Rec_treadmill_xx_xx_-220209_VGlut2-ChR2-36_-220209-074005,kilosort4,0.44855288,0.543362252,0.745451038,0.254548962,0.456637748
Rec_treadmill_xx_xx_-220209_VGlut2-ChR2-36_-220209-074005,spykingcircus2,0,0,0,0,0
Rec_treadmill_xx_xx_-220209_VGlut2-ChR2-49_-220209-095438,kilosort4,0.479564245,0.547773986,0.761669923,0.238330077,0.452226014
Rec_treadmill_xx_xx_-220209_VGlut2-ChR2-49_-220209-095438,spykingcircus2,0.539844549,0.773705669,0.614816536,0.385183464,0.226294331
Rec_treadmill_xx_xx_-220224_Vglut2-ChR2-42_-220224-151343,kilosort4,0.246651028,0.585243177,0.315930526,0.684069474,0.414756823
Rec_treadmill_xx_xx_-220224_Vglut2-ChR2-42_-220224-151343,spykingcircus2,0.420898784,0.538536695,0.626770435,0.373229565,0.461463305
Rec_treadmill_xx_xx_-220224_Vglut2-ChR2-57_-220224-160343,kilosort4,0.467150074,0.749720637,0.596523022,0.403476978,0.250279363
Rec_treadmill_xx_xx_-220224_Vglut2-ChR2-57_-220224-160343,spykingcircus2,0.376725956,0.557291537,0.575782068,0.424217932,0.442708463
Rec_treadmill_xx_xx_-220225_Vglut2-ChR2-51_-220225-094522,kilosort4,0.113521089,0.121970457,0.216908952,0.033091048,0.128029543
Rec_treadmill_xx_xx_-220225_Vglut2-ChR2-51_-220225-094522,spykingcircus2,0.149672669,0.193824881,0.466838292,0.283161708,0.556175119
Rec_treadmill_xx_xx_-220316_Vglut2-ChR2-36_-220316-102002,spykingcircus2,0.247656054,0.363528813,0.338498623,0.328168044,0.303137853
Rec_treadmill_xx_xx_-220510_VGlut2-ChR2-77_-220510-084917,kilosort4,0.951748677,0.982530013,0.968132062,0.031867938,0.017469987
Rec_treadmill_xx_xx_-220510_VGlut2-ChR2-77_-220510-084917,spykingcircus2,0.945974147,0.979741534,0.964846787,0.035153213,0.020258466
Rec_treadmill_xx_xx_-220512_VGlut2-ChR2-74_-220512-065053,kilosort4,0,0,0,0,0
Rec_treadmill_xx_xx_-220512_VGlut2-ChR2-74_-220512-065053,spykingcircus2,0.399434414,0.940993016,0.409696236,0.590303764,0.059006984
Rec_treadmill_xx_xx_-220516_VGlut2-ChR2-72_-220516-105258,kilosort4,0.579251316,0.688599701,0.771300585,0.228699415,0.311400299
Rec_treadmill_xx_xx_-220516_VGlut2-ChR2-72_-220516-105258,spykingcircus2,0.352733614,0.378369478,0.582922323,0.083744344,0.288297189
Rec_treadmill_xx_xx_-220531_VGlut2-ChR2-64_-220531-091819,kilosort4,0.3593487,0.3593487,0.5,0,0.1406513
Rec_treadmill_xx_xx_-220531_VGlut2-ChR2-64_-220531-091819,spykingcircus2,0,0,0,0,0
Rec_treadmill_xx_xx_-220531_VGlut2-ChR2-78_-220531-074927,kilosort4,0.426536493,0.503383997,0.698024921,0.301975079,0.496616003
Rec_treadmill_xx_xx_-220531_VGlut2-ChR2-78_-220531-074927,spykingcircus2,0.527022365,0.678782495,0.679229502,0.320770498,0.321217505
Rec_treadmill_xx_xx_-220819_VGlut2-ChR2-87_-220819-071423,kilosort4,0.999292151,0.999782094,0.999509844,0.000490156,0.000217906
Rec_treadmill_xx_xx_-220819_VGlut2-ChR2-87_-220819-071423,spykingcircus2,0.912418301,0.91259227,0.999791113,0.000208887,0.08740773
Rec_treadmill_xx_xx_-220824_VGlut2-ChR2-92_-220824-075441,kilosort4,0.367425649,0.520538314,0.751425694,0.248574306,0.479461686
Rec_treadmill_xx_xx_-220824_VGlut2-ChR2-92_-220824-075441,spykingcircus2,0.142519124,0.476076101,0.146688451,0.353311549,0.023923899
Rec_treadmill_xx_xx_-220831_VGlut2-ChR2-86_-220831-072406,kilosort4,0.241322097,0.401268878,0.291095056,0.37557161,0.265397789
Rec_treadmill_xx_xx_-220831_VGlut2-ChR2-86_-220831-072406,spykingcircus2,0.092714906,0.103299149,0.390609391,0.276057276,0.563367518
Rec_treadmill_xx_xx_-220831_VGlut2-ChR2-88_-220831-090128,kilosort4,0.563815577,0.604811339,0.62490614,0.041760527,0.061855328
Rec_treadmill_xx_xx_-220831_VGlut2-ChR2-88_-220831-090128,spykingcircus2,0.566376386,0.912396633,0.615085172,0.384914828,0.087603367
Rec_treadmill_xx_xx_-220831_VGlut2-ChR2-89_-220831-100854,kilosort4,0.184326711,0.236300489,0.455944403,0.544055597,0.763699511
Rec_treadmill_xx_xx_-220831_VGlut2-ChR2-89_-220831-100854,spykingcircus2,0,0,0,0,0
Rec_treadmill_xx_xx_-220905_VGlut2-ChR2-88_-220905-081424,kilosort4,0.615617797,0.73944088,0.667696901,0.332303099,0.26055912
Rec_treadmill_xx_xx_-220905_VGlut2-ChR2-88_-220905-081424,spykingcircus2,0.381092575,0.409252285,0.90224394,0.09775606,0.590747715
Rec_treadmill_xx_xx_-221101_VGlut2-ChR2-100_-221101-082854,kilosort4,0.572463396,0.69164175,0.666415305,0.333584695,0.30835825
Rec_treadmill_xx_xx_-221101_VGlut2-ChR2-100_-221101-082854,spykingcircus2,0.118525804,0.25270336,0.259920254,0.740079746,0.74729664
Rec_treadmill_xx_xx_-221101_VGlut2-ChR2-102_-221101-075646,kilosort4,0.246938048,0.272125076,0.777583511,0.222416489,0.727874924
Rec_treadmill_xx_xx_-221101_VGlut2-ChR2-102_-221101-075646,spykingcircus2,0.467031884,0.806152884,0.535140887,0.464859113,0.193847116
Rec_treadmill_xx_xx_-221101_VGlut2-ChR2-99_-221101-131057,kilosort4,0.142297048,0.304513704,0.186958962,0.413041038,0.295486296
Rec_treadmill_xx_xx_-221101_VGlut2-ChR2-99_-221101-131057,spykingcircus2,0.112159962,0.199346378,0.112366578,0.087633422,0.000653622
Rec_treadmill_xx_xx_-230209_VGlut2-ChR2-113_-230209-072205,kilosort4,0.723067027,0.74637727,0.959091379,0.040908621,0.25362273
Rec_treadmill_xx_xx_-230209_VGlut2-ChR2-113_-230209-072205,spykingcircus2,0.857455783,0.858986582,0.9979178,0.0020822,0.141013418
Rec_treadmill_xx_xx_-230209_VGlut2-ChR2-118_-230209-081406,spykingcircus2,0.121460375,0.403189927,0.14797971,0.518686956,0.263476739
Rec_treadmill_xx_xx_-230301_VGlut2-ChR2-124_-230301-134853,spykingcircus2,0.151285559,0.157564023,0.79152138,0.20847862,0.842435977
Rec_treadmill_xx_xx_-230302_VGlut2-ChR2-109_-230302-092537,kilosort4,0.849680932,0.980412225,0.864354103,0.135645897,0.019587775
Rec_treadmill_xx_xx_-230302_VGlut2-ChR2-109_-230302-092537,spykingcircus2,0.816288806,0.853674485,0.949081829,0.050918171,0.146325515
Rec_treadmill_xx_xx_-230307_VGlut2-ChR2-105_-230307-134929,kilosort4,0,0,0,0,0
Rec_treadmill_xx_xx_-230307_VGlut2-ChR2-105_-230307-134929,spykingcircus2,0.391140583,0.473570172,0.791436452,0.208563548,0.526429828
Rec_treadmill_xx_xx_-230316_VGlut2-ChR2-5_-230316-062858,kilosort4,0,0,0,0,0
Rec_treadmill_xx_xx_-230316_VGlut2-ChR2-5_-230316-062858,spykingcircus2,0.331412012,0.446337761,0.362511784,0.304154883,0.220328906
Rec_treadmill_xx_xx_-230329_VGlut2-ChR2-12_-230329-142846,kilosort4,0,0,0,0,0
Rec_treadmill_xx_xx_-230329_VGlut2-ChR2-12_-230329-142846,spykingcircus2,0.343484178,0.355295111,0.911759393,0.088240607,0.644704889
Rec_treadmill_xx_xx_-230329_VGlut2-ChR2-2_-230329-095457,kilosort4,0.941770762,0.942342533,0.999356144,0.000643856,0.057657467
Rec_treadmill_xx_xx_-230329_VGlut2-ChR2-2_-230329-095457,spykingcircus2,0.721118264,0.721118264,1,0,0.278881736
Rec_treadmill_xx_xx_-230329_VGlut2-ChR2-6_-230329-090153,kilosort4,0.764528302,0.928812779,0.818271519,0.181728481,0.071187221
Rec_treadmill_xx_xx_-230329_VGlut2-ChR2-6_-230329-090153,spykingcircus2,0.370574357,0.389733613,0.921395035,0.078604965,0.610266387
Rec_treadmill_xx_xx_-230330_VGlut2-ChR2-8_-230330-060307,kilosort4,0.429955369,0.982655323,0.436553141,0.563446859,0.017344677
Rec_treadmill_xx_xx_-230330_VGlut2-ChR2-8_-230330-060307,spykingcircus2,0.334460951,0.853671084,0.354293259,0.645706741,0.146328916
Rec_treadmill_xx_xx_-230515_VGlut2-ChR2-121_-230515-112633,kilosort4,0.618647355,0.928391228,0.649646931,0.350353069,0.071608772
Rec_treadmill_xx_xx_-230515_VGlut2-ChR2-121_-230515-112633,spykingcircus2,0,0,0,0,0
Rec_treadmill_xx_xx_-230515_VGlut2-ChR2-8_-230515-100310,kilosort4,0.765275564,0.844108794,0.891235867,0.108764133,0.155891206
Rec_treadmill_xx_xx_-230515_VGlut2-ChR2-8_-230515-100310,spykingcircus2,0,0,0,0,0
Rec_treadmill_xx_xx_-231019_VGlut2-ChR2-169_-231019-082406,kilosort4,0.56474861,0.93621825,0.587346553,0.412653447,0.06378175
Rec_treadmill_xx_xx_-231019_VGlut2-ChR2-169_-231019-082406,spykingcircus2,0.287488241,0.287488241,1,0,0.712511759
Rec_treadmill_xx_xx_-231019_VGlut2-ChR2-171_-231019-090324,kilosort4,0.312935386,0.347476035,0.513731452,0.236268548,0.402523965
Rec_treadmill_xx_xx_-231019_VGlut2-ChR2-171_-231019-090324,spykingcircus2,0.297816603,0.386510384,0.396442859,0.353557141,0.363489616
Rec_treadmill_xx_xx_-231024_VGlut2-ChR2-171_-231024-095047,kilosort4,0.67843219,0.860170267,0.691923976,0.308076024,0.139829733
Rec_treadmill_xx_xx_-231024_VGlut2-ChR2-171_-231024-095047,spykingcircus2,0.649540201,0.734788612,0.856161947,0.143838053,0.265211388
